mvir,x,y,z,rockstarid
10041000000000,55.4978,89.1606,80.259,12569289480
10095000000000,2.27346,65.4733,93.9389,12568691568
10125000000000,9.27539,89.9081,80.4844,12569289701
10157000000000,39.6522,43.9189,25.9333,12568653134
10162000000000,31.0202,47.5555,23.0686,12568653028
10180000000000,14.245,18.4002,63.7396,12568653176
10196000000000,39.019,90.8303,49.1266,12569249987
10329000000000,91.8058,60.2409,1.34038,12577990225
10360000000000,10.4227,49.1671,16.2351,12568650845
10369000000000,23.6743,3.69043,63.6552,12568653159
10374000000000,20.533,39.8681,24.392,12568653120
10414000000000,41.4667,61.7427,72.3977,12568652367
10437000000000,52.4544,62.7791,57.0389,12568652619
10446000000000,60.7518,89.9455,29.6955,12569250014
10451000000000,26.2546,34.463,42.7382,12568653084
10496000000000,53.6355,97.1021,14.2167,12569248587
10508000000000,76.9487,68.7524,5.03298,12578571554
10542000000000,54.5758,36.9414,23.2763,12568653037
10556000000000,85.4705,60.3942,64.7402,12577990915
10594000000000,51.5208,62.7071,54.7034,12568652711
10627000000000,53.7008,93.7341,44.5873,12569249980
10660000000000,98.2634,20.2903,24.082,12577991063
10669000000000,15.8322,13.3795,52.9256,12568653099
10706000000000,18.9741,54.7721,13.8644,12568652291
10753000000000,26.8064,78.7166,20.4476,12569249645
10809000000000,74.9885,49.6861,2.68327,12577991099
10877000000000,78.5024,70.1284,18.9121,12578571351
10896000000000,40.89,93.4999,2.25816,12569249655
10898000000000,57.718,5.36566,48.8287,12568652768
10935000000000,49.7239,56.9507,69.7162,12568653000
10941000000000,7.39656,63.2762,67.3992,12568652486
10941000000000,59.5245,90.7003,11.2651,12569249549
10959000000000,0.347,65.1628,21.1296,12568652456
11005000000000,12.167,93.2038,32.7894,12569248954
11006000000000,44.4132,49.6279,10.4739,12568652793
11026000000000,20.363,4.70601,63.3937,12568652386
11104000000000,96.4707,87.1523,89.5237,12578571409
11107000000000,41.4472,65.6574,35.1604,12568652553
11110000000000,32.599,75.992,25.3291,12569249502
11146000000000,75.1517,88.6347,78.4853,12578570568
11163000000000,48.4585,81.7539,93.4075,12569289465
11184000000000,75.4433,91.6029,91.4505,12578568929
11185000000000,58.6729,78.0311,13.224,12569247257
11235000000000,19.8681,16.8354,40.4011,12568652945
11295000000000,27.5788,46.7146,76.6753,12568652864
11379000000000,85.8102,33.1441,59.8903,12577988643
11471000000000,9.20727,59.8369,73.122,12568652680
11486000000000,11.1418,68.5323,4.30276,12569249575
11522000000000,36.0134,10.3832,89.1951,12568691351
11574000000000,55.5221,94.1233,15.3654,12569249345
11604000000000,64.1351,33.83,20.7833,12568651219
11673000000000,27.0952,74.4829,73.6777,12569249605
11720000000000,74.289,67.8243,69.4076,12578571299
11744000000000,2.27721,12.5984,42.4416,12568652932
11763000000000,73.1505,27.6269,14.5114,12577990894
11766000000000,82.5662,70.2481,82.4344,12578571055
11775000000000,64.1128,96.9765,37.5275,12569249332
11780000000000,51.0989,75.0957,77.6084,12569289180
11930000000000,14.1536,31.5381,81.643,12568691521
11944000000000,96.9563,86.7968,87.0291,12578570608
11986000000000,46.9998,45.4404,23.8484,12568652263
12143000000000,29.4471,12.1313,85.5551,12568691421
12191000000000,35.146,60.9334,27.5135,12568652877
12219000000000,16.1625,69.594,29.4058,12569249615
12221000000000,71.6866,87.3449,98.2062,12578611902
12227000000000,96.456,69.2287,61.6855,12578570995
12314000000000,21.828,11.159,52.2435,12568652072
12328000000000,94.4322,92.769,91.0416,12578571088
12347000000000,80.1813,87.1492,95.1483,12578612388
12349000000000,41.6431,49.0099,9.56048,12568652602
12400000000000,55.6101,73.5229,38.7284,12569249433
12575000000000,52.8361,84.3939,23.7732,12569247023
12608000000000,47.704,36.4174,24.5847,12568650463
12654000000000,37.3428,46.8988,15.2665,12568652573
12667000000000,28.7218,54.3438,79.9882,12568691120
12734000000000,53.9193,10.4577,32.9354,12568652751
12773000000000,48.0576,44.5695,70.551,12568652840
12817000000000,50.7496,43.8098,67.9615,12568652732
12831000000000,61.4492,92.7719,92.4005,12569288834
12876000000000,40.0238,28.3702,29.1715,12568652852
12885000000000,19.119,16.6284,84.8053,12568688598
12912000000000,41.4326,79.7831,41.7297,12569248265
12963000000000,13.5772,54.3549,86.2703,12568691312
12989000000000,21.757,80.6358,55.4491,12569247268
13219000000000,9.47296,71.676,22.5004,12569249405
13233000000000,43.0388,87.0655,46.7247,12569249360
13278000000000,73.0689,62.0896,7.37454,12578570962
13395000000000,84.287,95.8902,39.5081,12578571191
13516000000000,35.3228,44.1401,9.14387,12568652695
13577000000000,6.30368,93.7551,13.3162,12569249273
13615000000000,63.4,37.7655,19.0643,12568652784
13633000000000,57.427,90.1092,17.9363,12569247408
13693000000000,50.5409,86.0055,73.335,12569246999
13726000000000,87.9966,65.5452,87.1141,12578571003
13728000000000,83.2318,53.9657,1.99428,12577987655
13969000000000,35.0097,64.5593,26.9197,12568652337
14038000000000,46.1242,88.2099,4.16593,12569249376
14146000000000,80.3495,47.5438,3.56804,12577990242
14155000000000,4.48077,60.6789,20.8101,12568649538
14163000000000,42.7197,95.7774,70.0154,12569249314
14164000000000,9.13155,6.87267,95.9705,12568691209
14288000000000,87.6438,42.8857,96.2301,12578029367
14307000000000,58.6791,97.2209,78.1909,12569288943
14313000000000,30.0773,72.3521,24.126,12569249163
14322000000000,10.1033,11.1281,57.799,12568650750
14658000000000,9.50289,42.7845,33.6108,12568650838
14670000000000,14.408,62.4377,29.1502,12568652251
14682000000000,36.3822,79.8018,25.8215,12569249215
14797000000000,15.3685,48.275,13.7155,12568652180
14806000000000,34.0436,76.0287,58.6499,12569249323
14846000000000,38.5799,47.4765,10.7197,12568652427
14852000000000,99.3229,64.584,61.0793,12578570694
14864000000000,82.7075,54.0094,1.67584,12577987651
15053000000000,9.4338,96.6239,98.9337,12569288726
15199000000000,38.3128,70.3455,72.1906,12569248563
15259000000000,75.8617,90.0343,89.6333,12578568878
15446000000000,52.8386,98.104,13.8148,12569248590
15455000000000,86.4474,46.045,4.40287,12577990607
15509000000000,25.1478,3.67681,68.7236,12568651991
15561000000000,12.0842,12.2565,39.8357,12568652452
15589000000000,39.073,46.7856,17.0705,12568652219
15625000000000,49.727,73.5674,16.2902,12569249057
15626000000000,30.7268,1.01789,63.6091,12568652632
15754000000000,12.7697,68.9775,2.24245,12569249100
15866000000000,41.5349,81.1417,42.3589,12569248279
16051000000000,22.0749,84.0247,83.3592,12569288867
16442000000000,95.1313,84.8787,82.7034,12578570903
16477000000000,32.7734,61.4935,46.2113,12568652136
16487000000000,79.3417,1.16989,79.725,12577990403
16605000000000,37.8505,0.41052,50.1011,12568652174
16724000000000,27.7266,2.11783,67.3755,12568652354
16901000000000,41.0709,56.3615,76.4047,12568649901
17017000000000,72.8807,14.2472,26.788,12577990283
17101000000000,5.50422,62.5577,22.905,12568649582
17261000000000,88.574,49.5603,85.7626,12578028682
17425000000000,4.95903,7.04752,99.762,12568690750
17433000000000,0.46715,37.3246,7.81691,12568651822
17577000000000,85.4784,54.9463,3.38707,12577987762
17664000000000,6.58951,60.5757,21.3897,12568649562
17764000000000,67.2702,28.1271,29.8446,12568651709
17827000000000,1.76199,66.4051,21.1052,12568652416
17863000000000,58.795,28.5126,23.3282,12568652109
17883000000000,95.7859,59.7346,3.89177,12577989983
17988000000000,75.1989,89.9642,89.113,12578568881
18008000000000,60.2958,28.944,86.705,12568691162
18011000000000,5.12592,54.2923,25.8065,12568652019
18083000000000,30.428,75.9228,26.4987,12569248981
18226000000000,15.2025,42.2467,87.9466,12568690758
18279000000000,54.6616,59.9925,89.9567,12568690988
18462000000000,58.9097,72.9492,77.3547,12569288606
18574000000000,48.0123,35.1735,10.5103,12568652301
18596000000000,26.0686,12.4429,48.7537,12568652094
18781000000000,18.5639,41.0037,24.9869,12568652156
18950000000000,45.6681,84.0255,35.1933,12569248879
19040000000000,46.0979,83.08,2.1643,12569248900
19141000000000,92.1247,92.6571,90.4557,12578570405
19331000000000,60.3764,97.8173,80.1071,12569288330
19370000000000,21.7357,67.0742,80.0238,12568690973
19375000000000,71.9214,22.7025,31.5535,12577989258
19387000000000,42.3459,74.5916,13.4767,12569247601
19397000000000,83.8795,33.6207,60.1026,12577988603
19617000000000,4.64622,17.721,92.2784,12568688223
19668000000000,48.9799,35.026,22.6693,12568650468
20001000000000,6.34549,94.7786,82.3193,12569288303
20031000000000,22.3781,47.7202,27.6651,12568651460
20090000000000,40.458,86.3011,52.5858,12569248133
20386000000000,73.4743,22.9429,30.6141,12577989252
20668000000000,91.6913,71.338,21.2149,12578570737
20993000000000,43.4093,64.3886,7.30074,12568652049
21097000000000,57.5476,14.4313,21.7369,12568651910
21168000000000,15.7033,44.2492,26.5313,12568651897
21210000000000,0.62721,7.72394,56.294,12568651860
21463000000000,98.9564,42.7734,31.8296,12577989525
21866000000000,28.718,71.7154,87.2306,12569287985
21990000000000,10.9247,64.1144,24.2866,12568651956
22060000000000,0.13593,8.93139,51.1072,12568651978
22276000000000,19.059,63.7657,81.3608,12568690632
22456000000000,11.0276,42.7411,73.4616,12568651939
22559000000000,8.09162,8.69469,45.2444,12568651847
23042000000000,74.2789,85.9336,43.8428,12578570708
23403000000000,50.1976,63.1439,67.6563,12568651746
23533000000000,59.7329,90.6586,13.2128,12569248805
24019000000000,1.08497,16.5653,95.2898,12568690288
24040000000000,27.2796,3.26725,59.6586,12568651502
24062000000000,82.4213,62.6497,59.6069,12578569661
24109000000000,18.5595,46.7667,27.7492,12568651020
24138000000000,38.2936,3.74658,76.003,12568651802
24184000000000,27.9689,22.1856,39.7902,12568651686
24913000000000,29.9898,83.1558,60.5816,12569248412
25369000000000,25.1855,6.41786,76.0559,12568651341
25392000000000,97.961,66.6492,61.1756,12578570388
25523000000000,49.4851,35.2979,0.5351,12568651780
25610000000000,3.88711,24.4604,91.3752,12568690355
25753000000000,3.30739,30.5485,91.0079,12568690321
25795000000000,96.4156,0.73973,15.3705,12577989594
25839000000000,41.401,33.3815,30.112,12568651423
26116000000000,63.8361,72.6087,77.4667,12569287498
26257000000000,26.9839,74.762,69.2776,12569248529
26301000000000,56.8938,93.2108,6.3017,12569248674
26751000000000,8.42084,62.5415,15.8126,12568651643
27066000000000,19.6295,46.8728,27.8827,12568651033
27414000000000,40.6254,86.1387,45.4733,12569248457
27636000000000,60.0459,41.4022,18.4095,12568651566
29179000000000,20.679,17.1843,47.0179,12568651607
29721000000000,22.8702,7.00536,75.0283,12568651659
30423000000000,33.5889,29.2726,35.0564,12568651385
30876000000000,8.57597,6.30775,47.2658,12568650132
31197000000000,4.01343,3.50947,55.9588,12568650428
31522000000000,38.9692,96.8522,69.7095,12569248354
31674000000000,65.717,31.1127,1.75277,12568651586
31850000000000,83.2991,35.2656,76.8454,12577989373
32250000000000,64.3852,33.2941,21.0827,12568651213
32905000000000,87.2094,32.5096,59.7671,12577988664
33155000000000,23.8242,19.3131,40.4818,12568651291
33559000000000,84.1804,62.2043,60.493,12578569690
33792000000000,93.2148,34.0366,67.4835,12577989558
34113000000000,30.3003,6.9671,78.3017,12568688816
34332000000000,70.9985,63.9829,49.5312,12578570142
35069000000000,25.2707,15.3922,83.9036,12568689581
35413000000000,41.7885,46.7347,22.004,12568651536
36067000000000,41.2882,55.7606,76.0878,12568649929
36094000000000,40.6365,73.8224,13.0421,12569247574
36146000000000,76.1135,89.7953,90.2198,12578568893
36219000000000,32.9278,97.6534,69.6481,12569248194
36499000000000,96.7651,3.40339,12.1549,12577989220
36785000000000,12.2958,71.8481,22.6616,12569248239
37000000000000,11.2863,35.4238,97.459,12568689951
37312000000000,10.0326,50.9397,15.7446,12568650907
37497000000000,59.8289,5.19358,40.1614,12568651257
37689000000000,9.35709,45.5349,19.6287,12568651110
38269000000000,42.543,83.6229,69.3587,12569247937
39649000000000,7.14484,9.9938,55.9121,12568650716
40526000000000,42.0127,57.4341,74.0501,12568649884
40657000000000,9.93585,43.1935,32.8029,12568650816
42757000000000,34.9113,59.3968,86.7322,12568689506
43004000000000,31.8361,6.6199,78.4856,12568688852
43749000000000,64.2412,65.894,12.6784,12568650992
44187000000000,16.7008,5.22024,61.8548,12568651091
45411000000000,44.0333,43.8219,73.933,12568651183
46621000000000,49.0287,36.8143,24.0582,12568650506
47270000000000,32.0696,68.9247,26.3474,12569247986
48765000000000,84.4457,34.2233,86.0506,12578027750
49757000000000,2.97935,2.69894,55.2245,12568650394
49895000000000,23.4409,81.6559,56.3582,12569247323
51530000000000,36.2814,73.2601,74.8614,12569287262
53547000000000,33.8099,66.5083,3.54364,12568650946
54645000000000,57.224,87.7768,19.873,12569247473
54770000000000,40.2232,54.5829,76.7385,12568649848
60934000000000,40.8158,82.4401,65.2569,12569247689
60960000000000,58.8107,76.0467,12.8136,12569247221
61564000000000,66.2131,31.4896,20.3041,12568650673
64106000000000,60.4266,84.4974,16.9943,12569247548
64167000000000,0.76615,6.85237,89.3295,12568689311
65187000000000,28.9323,1.70073,62.1242,12568650530
71525000000000,19.5288,84.4463,82.6968,12569286880
73104000000000,31.1238,95.7497,68.6507,12569247177
73440000000000,55.2444,61.6124,59.5111,12568649613
79225000000000,52.3406,83.9621,24.5986,12569247091
79633000000000,21.2412,16.2372,84.3407,12568688675
90823000000000,6.72896,5.55251,49.4672,12568650178
97347000000000,84.0984,53.2394,2.59884,12577987716
102830000000000,57.3909,60.7665,61.2651,12568649757
107900000000000,45.4065,60.8762,44.7665,12568650313
117880000000000,4.67995,57.9087,21.184,12568649498
129970000000000,49.1602,84.2643,73.5804,12569246965
143180000000000,12.3338,62.4137,13.0596,12568650086
181160000000000,3.15515,16.4011,92.0965,12568688154
