y_0,y_1
89.1606,97.2209
89.1606,86.0055
89.1606,97.8173
89.1606,84.2643
89.1606,92.7719
89.1606,75.0957
89.1606,81.7539
89.1606,72.9492
89.1606,95.7774
89.1606,83.6229
89.1606,72.6087
89.1606,88.6347
65.4733,54.3549
89.9081,94.7786
89.9081,84.4463
89.9081,84.0247
89.9081,96.6239
43.9189,46.7347
43.9189,45.4404
43.9189,46.7856
43.9189,47.5555
43.9189,36.4174
43.9189,46.8988
43.9189,33.3815
43.9189,36.8143
43.9189,35.026
43.9189,47.4765
43.9189,28.3702
43.9189,36.9414
43.9189,49.6279
43.9189,49.0099
43.9189,44.1401
43.9189,60.9334
43.9189,47.7202
43.9189,29.2726
43.9189,35.1735
43.9189,39.8681
47.5555,47.7202
47.5555,46.8988
47.5555,46.7856
47.5555,46.7347
47.5555,46.8728
47.5555,39.8681
47.5555,46.7667
47.5555,41.0037
47.5555,47.4765
47.5555,60.9334
47.5555,44.1401
47.5555,44.2492
47.5555,45.4404
47.5555,54.7721
47.5555,49.0099
47.5555,64.5593
47.5555,48.275
47.5555,49.6279
47.5555,33.3815
18.4002,11.1281
18.4002,13.3795
18.4002,9.9938
18.4002,5.22024
18.4002,4.70601
18.4002,11.159
18.4002,3.69043
18.4002,17.1843
18.4002,7.00536
18.4002,7.72394
18.4002,3.67681
18.4002,3.50947
18.4002,12.4429
90.8303,86.3011
90.8303,87.0655
90.8303,86.1387
90.8303,81.1417
90.8303,79.7831
90.8303,93.7341
90.8303,83.1558
90.8303,84.0255
90.8303,82.4401
90.8303,76.0287
90.8303,81.6559
60.2409,59.7346
60.2409,54.9463
60.2409,53.2394
60.2409,53.9657
60.2409,54.0094
60.2409,46.045
60.2409,47.5438
60.2409,68.7524
60.2409,62.0896
60.2409,49.6861
49.1671,45.5349
49.1671,48.275
49.1671,54.7721
49.1671,57.9087
49.1671,54.2923
49.1671,44.2492
49.1671,60.5757
49.1671,62.5415
49.1671,60.6789
49.1671,62.4137
49.1671,46.7667
49.1671,41.0037
49.1671,46.8728
49.1671,62.5577
49.1671,39.8681
49.1671,47.7202
49.1671,64.1144
49.1671,37.3246
49.1671,43.1935
49.1671,42.7845
49.1671,62.4377
49.1671,65.1628
49.1671,66.4051
3.69043,4.70601
3.69043,3.67681
3.69043,3.26725
3.69043,2.11783
3.69043,1.70073
3.69043,5.22024
3.69043,1.01789
3.69043,7.00536
3.69043,6.41786
3.69043,11.159
3.69043,6.9671
3.69043,13.3795
3.69043,11.1281
3.69043,6.6199
3.69043,12.4429
3.69043,3.74658
3.69043,9.9938
3.69043,0.41052
39.8681,44.2492
39.8681,46.8728
39.8681,46.7667
39.8681,47.7202
39.8681,45.5349
39.8681,43.1935
39.8681,48.275
39.8681,42.7845
39.8681,50.9397
39.8681,54.7721
39.8681,29.2726
39.8681,34.463
61.7427,57.4341
61.7427,56.3615
61.7427,55.7606
61.7427,54.5829
61.7427,70.3455
61.7427,56.9507
61.7427,63.1439
61.7427,73.2601
61.7427,59.3968
61.7427,54.3438
61.7427,75.0957
61.7427,43.8219
61.7427,44.5695
61.7427,61.6124
61.7427,62.7791
61.7427,74.4829
61.7427,60.7665
61.7427,74.762
62.7791,61.6124
62.7791,60.7665
62.7791,63.1439
62.7791,56.9507
62.7791,60.8762
89.9455,87.7768
89.9455,96.9765
89.9455,84.3939
89.9455,83.9621
89.9455,90.1092
89.9455,84.4974
89.9455,94.1233
89.9455,90.6586
89.9455,93.7341
89.9455,84.0255
89.9455,97.1021
89.9455,90.7003
89.9455,73.5229
89.9455,98.104
89.9455,85.9336
34.463,29.2726
34.463,22.1856
34.463,19.3131
34.463,17.1843
34.463,16.8354
34.463,33.3815
97.1021,94.1233
97.1021,90.1092
97.1021,90.6586
97.1021,90.7003
97.1021,93.2108
97.1021,87.7768
97.1021,84.4974
97.1021,88.2099
97.1021,84.3939
97.1021,83.9621
97.1021,93.4999
97.1021,78.0311
97.1021,83.08
68.7524,62.0896
68.7524,70.1284
68.7524,65.894
68.7524,54.0094
68.7524,54.9463
68.7524,53.9657
68.7524,53.2394
68.7524,49.6861
36.9414,36.8143
36.9414,35.026
36.9414,36.4174
36.9414,41.4022
36.9414,28.5126
36.9414,37.7655
36.9414,33.83
36.9414,33.2941
36.9414,45.4404
36.9414,31.4896
36.9414,35.1735
36.9414,33.3815
36.9414,46.7347
36.9414,28.1271
36.9414,28.3702
36.9414,46.7856
60.3942,62.2043
60.3942,62.6497
60.3942,67.8243
60.3942,66.6492
60.3942,69.2287
60.3942,64.584
62.7071,61.6124
62.7071,60.7665
62.7071,60.8762
62.7071,63.1439
62.7071,56.9507
62.7071,73.5229
93.7341,87.0655
93.7341,96.9765
93.7341,86.1387
93.7341,84.0255
93.7341,86.3011
93.7341,81.1417
93.7341,79.7831
13.3795,11.159
13.3795,11.1281
13.3795,17.1843
13.3795,9.9938
13.3795,12.4429
13.3795,6.30775
13.3795,8.69469
13.3795,5.22024
13.3795,5.55251
13.3795,16.8354
13.3795,12.2565
13.3795,4.70601
13.3795,3.50947
13.3795,19.3131
13.3795,8.93139
13.3795,7.72394
13.3795,3.26725
13.3795,2.69894
13.3795,12.5984
13.3795,1.70073
13.3795,22.1856
54.7721,48.275
54.7721,50.9397
54.7721,62.4137
54.7721,62.5415
54.7721,45.5349
54.7721,60.5757
54.7721,47.7202
54.7721,46.7667
54.7721,46.8728
54.7721,64.1144
54.7721,57.9087
54.7721,44.2492
54.7721,60.6789
54.7721,62.4377
54.7721,41.0037
54.7721,62.5577
54.7721,54.2923
54.7721,68.5323
54.7721,68.9775
78.7166,75.9228
78.7166,72.3521
78.7166,75.992
78.7166,79.8018
78.7166,68.9247
78.7166,71.8481
78.7166,73.8224
78.7166,69.594
78.7166,74.5916
78.7166,64.5593
78.7166,71.676
49.6861,47.5438
49.6861,54.0094
49.6861,53.9657
49.6861,53.2394
49.6861,54.9463
49.6861,46.045
49.6861,62.0896
70.1284,71.338
70.1284,62.0896
70.1284,65.894
93.4999,88.2099
93.4999,83.08
93.4999,93.2108
93.4999,98.104
93.4999,94.1233
5.36566,5.19358
5.36566,10.4577
56.9507,63.1439
56.9507,57.4341
56.9507,55.7606
56.9507,56.3615
56.9507,60.7665
56.9507,54.5829
56.9507,61.6124
56.9507,44.5695
56.9507,43.8098
56.9507,43.8219
56.9507,70.3455
56.9507,75.0957
56.9507,72.9492
63.2762,59.8369
63.2762,63.7657
63.2762,67.0742
90.7003,93.2108
90.7003,94.1233
90.7003,90.1092
90.7003,84.4974
90.7003,87.7768
90.7003,98.104
90.7003,78.0311
90.7003,76.0467
90.7003,88.2099
90.7003,84.3939
90.7003,83.9621
90.7003,83.08
65.1628,62.5577
65.1628,60.6789
65.1628,60.5757
65.1628,57.9087
65.1628,62.5415
65.1628,64.1144
65.1628,71.676
65.1628,54.2923
65.1628,71.8481
65.1628,62.4137
65.1628,62.4377
65.1628,50.9397
65.1628,69.594
49.6279,47.4765
49.6279,46.7856
49.6279,46.8988
49.6279,44.1401
49.6279,46.7347
49.6279,45.4404
49.6279,35.1735
49.6279,64.3886
49.6279,35.2979
49.6279,36.8143
49.6279,41.4022
49.6279,35.026
49.6279,36.4174
4.70601,5.22024
4.70601,3.67681
4.70601,3.26725
4.70601,2.11783
4.70601,1.70073
4.70601,1.01789
4.70601,7.00536
4.70601,11.159
4.70601,11.1281
4.70601,6.41786
4.70601,9.9938
4.70601,12.4429
4.70601,3.50947
4.70601,6.9671
4.70601,6.6199
4.70601,2.69894
4.70601,5.55251
87.1523,92.769
87.1523,92.6571
87.1523,84.8787
87.1523,87.1492
65.6574,64.5593
65.6574,60.9334
65.6574,60.8762
65.6574,68.9247
65.6574,61.4935
65.6574,79.7831
65.6574,73.5229
65.6574,75.992
65.6574,81.1417
65.6574,72.3521
65.6574,75.9228
65.6574,79.8018
65.6574,84.0255
75.992,72.3521
75.992,79.8018
75.992,68.9247
75.992,64.5593
75.992,73.8224
75.992,74.5916
75.992,60.9334
75.992,69.594
75.992,84.0255
75.992,79.7831
75.992,73.5674
75.992,81.1417
88.6347,89.9642
88.6347,90.0343
88.6347,89.7953
88.6347,91.6029
88.6347,87.1492
88.6347,97.8173
88.6347,97.2209
88.6347,72.6087
88.6347,92.7719
81.7539,92.7719
81.7539,75.0957
81.7539,84.2643
91.6029,87.1492
91.6029,87.3449
91.6029,92.7719
91.6029,92.6571
91.6029,92.769
91.6029,97.8173
78.0311,84.4974
78.0311,73.5674
78.0311,87.7768
78.0311,90.6586
78.0311,90.1092
78.0311,65.894
78.0311,84.3939
78.0311,83.9621
78.0311,94.1233
78.0311,74.5916
78.0311,93.2108
78.0311,83.08
78.0311,73.8224
78.0311,88.2099
16.8354,19.3131
16.8354,17.1843
16.8354,12.2565
16.8354,22.1856
16.8354,12.4429
16.8354,11.159
16.8354,8.69469
16.8354,6.30775
16.8354,12.5984
16.8354,29.2726
16.8354,5.55251
46.7146,54.3438
46.7146,54.5829
46.7146,55.7606
46.7146,56.3615
46.7146,43.8219
46.7146,42.7411
46.7146,42.2467
46.7146,59.3968
46.7146,57.4341
46.7146,54.3549
46.7146,63.7657
33.1441,34.0366
33.1441,35.2656
59.8369,63.7657
59.8369,54.3549
59.8369,67.0742
59.8369,42.7411
68.5323,62.4137
68.5323,62.5415
68.5323,71.676
68.5323,71.8481
68.5323,66.4051
68.5323,60.5757
68.5323,60.6789
10.3832,12.1313
10.3832,6.6199
10.3832,6.9671
10.3832,15.3922
10.3832,3.74658
10.3832,16.2372
10.3832,6.41786
10.3832,16.6284
10.3832,7.00536
94.1233,98.104
94.1233,90.1092
94.1233,90.6586
94.1233,87.7768
94.1233,93.2108
94.1233,84.4974
94.1233,84.3939
94.1233,83.9621
94.1233,88.2099
94.1233,76.0467
94.1233,83.08
33.83,31.4896
33.83,37.7655
33.83,28.5126
33.83,41.4022
33.83,28.1271
33.83,27.6269
33.83,35.026
33.83,36.8143
33.83,36.4174
33.83,22.7025
33.83,22.9429
33.83,35.1735
33.83,31.1127
74.4829,74.762
74.4829,73.2601
74.4829,67.0742
74.4829,70.3455
74.4829,71.7154
74.4829,84.0247
74.4829,84.4463
74.4829,63.7657
74.4829,83.1558
74.4829,76.0287
74.4829,82.4401
74.4829,83.6229
74.4829,81.6559
74.4829,80.6358
67.8243,62.6497
67.8243,72.6087
67.8243,62.2043
67.8243,70.2481
67.8243,72.9492
12.5984,8.69469
12.5984,8.93139
12.5984,6.30775
12.5984,12.2565
12.5984,5.55251
12.5984,9.9938
12.5984,7.72394
12.5984,2.69894
12.5984,3.50947
12.5984,11.1281
12.5984,17.1843
27.6269,31.4896
27.6269,33.2941
27.6269,37.7655
27.6269,31.1127
27.6269,28.1271
27.6269,22.9429
27.6269,28.5126
27.6269,22.7025
27.6269,14.2472
27.6269,41.4022
70.2481,65.5452
70.2481,84.8787
70.2481,72.6087
96.9765,85.9336
75.0957,72.9492
75.0957,84.2643
75.0957,86.0055
75.0957,72.6087
75.0957,83.6229
75.0957,70.3455
75.0957,73.2601
75.0957,63.1439
75.0957,82.4401
75.0957,59.9925
31.5381,42.2467
31.5381,42.7411
31.5381,30.5485
31.5381,24.4604
31.5381,16.6284
31.5381,35.4238
31.5381,16.2372
31.5381,15.3922
31.5381,17.721
86.7968,84.8787
86.7968,92.769
86.7968,92.6571
86.7968,87.1492
45.4404,46.7347
45.4404,36.8143
45.4404,36.4174
45.4404,46.7856
45.4404,35.026
45.4404,46.8988
45.4404,33.3815
45.4404,41.4022
45.4404,49.0099
45.4404,47.4765
45.4404,35.1735
45.4404,37.7655
45.4404,44.1401
45.4404,28.3702
45.4404,60.9334
12.1313,15.3922
12.1313,6.9671
12.1313,16.2372
12.1313,6.6199
12.1313,16.6284
12.1313,6.41786
12.1313,7.00536
12.1313,3.74658
12.1313,3.67681
60.9334,64.5593
60.9334,68.9247
60.9334,72.3521
60.9334,75.9228
60.9334,46.7347
60.9334,46.7856
60.9334,47.7202
60.9334,46.8988
60.9334,61.4935
60.9334,79.8018
69.594,62.4377
69.594,71.8481
69.594,64.1144
69.594,71.676
69.594,62.5577
69.594,72.3521
69.594,60.5757
69.594,75.9228
69.594,68.9247
69.594,66.4051
69.594,60.6789
69.594,62.5415
69.594,62.4137
69.594,57.9087
69.594,54.2923
69.594,64.5593
87.3449,87.1492
87.3449,89.7953
87.3449,90.0343
87.3449,89.9642
87.3449,92.7719
69.2287,66.6492
69.2287,64.584
69.2287,62.2043
69.2287,62.6497
11.159,12.4429
11.159,17.1843
11.159,3.26725
11.159,5.22024
11.159,11.1281
11.159,19.3131
11.159,6.30775
11.159,9.9938
11.159,1.70073
11.159,8.69469
11.159,12.2565
11.159,5.55251
11.159,1.01789
11.159,22.1856
11.159,3.67681
11.159,2.11783
11.159,0.41052
11.159,3.50947
92.769,84.8787
92.769,87.1492
92.769,89.7953
92.769,90.0343
92.769,89.9642
87.1492,89.7953
87.1492,90.0343
87.1492,89.9642
87.1492,92.6571
87.1492,84.8787
87.1492,92.7719
49.0099,47.4765
49.0099,46.8988
49.0099,44.1401
49.0099,46.7856
49.0099,46.7347
49.0099,35.1735
49.0099,64.3886
49.0099,35.2979
73.5229,84.0255
73.5229,79.7831
73.5229,81.1417
73.5229,60.8762
73.5229,83.9621
73.5229,84.3939
84.3939,87.7768
84.3939,90.1092
84.3939,84.4974
84.3939,84.0255
84.3939,73.5674
84.3939,90.6586
84.3939,76.0467
84.3939,98.104
84.3939,79.8018
84.3939,74.5916
84.3939,73.8224
84.3939,93.2108
36.4174,33.3815
36.4174,28.3702
36.4174,46.7347
36.4174,28.5126
36.4174,35.1735
36.4174,41.4022
36.4174,46.7856
36.4174,37.7655
36.4174,33.2941
36.4174,46.8988
36.4174,29.2726
36.4174,31.4896
36.4174,47.4765
46.8988,47.4765
46.8988,44.1401
46.8988,46.7347
46.8988,35.1735
46.8988,36.8143
46.8988,35.026
46.8988,47.7202
54.3438,59.3968
54.3438,54.5829
54.3438,56.3615
54.3438,55.7606
54.3438,63.7657
54.3438,67.0742
54.3438,57.4341
54.3438,54.3549
54.3438,71.7154
54.3438,43.8219
54.3438,42.2467
10.4577,5.19358
10.4577,14.4313
44.5695,43.8098
44.5695,43.8219
44.5695,54.5829
44.5695,55.7606
44.5695,57.4341
44.5695,56.3615
44.5695,63.1439
43.8098,43.8219
43.8098,55.7606
43.8098,57.4341
43.8098,54.5829
43.8098,56.3615
43.8098,63.1439
43.8098,60.7665
92.7719,97.8173
92.7719,89.9642
92.7719,90.0343
92.7719,89.7953
92.7719,97.2209
28.3702,33.3815
28.3702,29.2726
28.3702,35.026
28.3702,36.8143
28.3702,22.1856
28.3702,28.5126
28.3702,46.7347
16.6284,15.3922
16.6284,7.00536
16.6284,6.41786
16.6284,6.9671
16.6284,17.721
16.6284,6.6199
16.6284,16.4011
16.6284,6.87267
16.6284,24.4604
79.7831,86.1387
79.7831,84.0255
79.7831,87.0655
79.7831,86.3011
79.7831,79.8018
79.7831,76.0287
79.7831,75.9228
79.7831,60.8762
54.3549,63.7657
54.3549,42.2467
54.3549,67.0742
54.3549,42.7411
80.6358,83.1558
80.6358,76.0287
80.6358,74.762
80.6358,86.3011
71.676,64.1144
71.676,66.4051
71.676,62.5577
71.676,62.5415
71.676,60.5757
71.676,60.6789
71.676,62.4377
71.676,62.4137
71.676,57.9087
71.676,54.2923
87.0655,86.3011
87.0655,81.1417
87.0655,84.0255
87.0655,76.0287
87.0655,82.4401
87.0655,83.1558
62.0896,65.894
62.0896,54.0094
62.0896,53.9657
62.0896,54.9463
62.0896,53.2394
62.0896,47.5438
95.8902,85.9336
44.1401,47.4765
44.1401,46.7856
44.1401,46.7347
44.1401,35.1735
44.1401,35.2979
37.7655,41.4022
37.7655,33.2941
37.7655,31.4896
37.7655,28.5126
37.7655,28.1271
37.7655,35.026
37.7655,36.8143
37.7655,35.1735
37.7655,31.1127
90.1092,87.7768
90.1092,90.6586
90.1092,84.4974
90.1092,98.104
90.1092,83.9621
90.1092,93.2108
90.1092,76.0467
90.1092,88.2099
90.1092,73.5674
86.0055,83.6229
86.0055,95.7774
86.0055,82.4401
86.0055,97.2209
86.0055,72.9492
86.0055,96.8522
86.0055,97.8173
86.0055,73.2601
86.0055,72.6087
86.0055,70.3455
65.5452,49.5603
53.9657,47.5438
53.9657,46.045
53.9657,59.7346
64.5593,68.9247
64.5593,72.3521
64.5593,75.9228
64.5593,79.8018
64.5593,73.8224
64.5593,74.5916
64.5593,61.4935
64.5593,46.7347
88.2099,83.08
88.2099,93.2108
88.2099,98.104
88.2099,90.6586
88.2099,74.5916
88.2099,73.8224
88.2099,87.7768
88.2099,73.5674
88.2099,84.4974
88.2099,76.0467
47.5438,46.045
47.5438,53.2394
47.5438,54.0094
47.5438,54.9463
47.5438,59.7346
60.6789,66.4051
60.6789,62.5415
60.6789,64.1144
60.6789,54.2923
60.6789,62.4137
60.6789,50.9397
60.6789,62.4377
60.6789,71.8481
60.6789,45.5349
60.6789,48.275
95.7774,96.8522
95.7774,97.6534
95.7774,95.7497
95.7774,83.6229
95.7774,84.2643
95.7774,82.4401
95.7774,97.2209
95.7774,86.3011
6.87267,7.04752
6.87267,6.85237
6.87267,16.4011
6.87267,17.721
6.87267,16.5653
6.87267,24.4604
6.87267,16.2372
42.8857,49.5603
42.8857,34.2233
97.2209,84.2643
72.3521,75.9228
72.3521,68.9247
72.3521,79.8018
72.3521,73.8224
72.3521,74.5916
72.3521,71.8481
72.3521,62.4377
11.1281,9.9938
11.1281,5.22024
11.1281,3.50947
11.1281,7.72394
11.1281,5.55251
11.1281,2.69894
11.1281,6.30775
11.1281,8.93139
11.1281,8.69469
11.1281,17.1843
11.1281,12.2565
11.1281,12.4429
11.1281,3.26725
42.7845,44.2492
42.7845,46.7667
42.7845,46.8728
42.7845,41.0037
42.7845,45.5349
42.7845,54.2923
42.7845,47.7202
42.7845,50.9397
62.4377,64.1144
62.4377,62.5577
62.4377,60.5757
62.4377,71.8481
62.4377,54.2923
62.4377,57.9087
62.4377,62.5415
62.4377,66.4051
62.4377,62.4137
62.4377,46.7667
62.4377,46.8728
62.4377,47.7202
62.4377,50.9397
62.4377,44.2492
62.4377,68.9247
79.8018,75.9228
79.8018,68.9247
79.8018,84.0255
79.8018,74.5916
79.8018,73.8224
79.8018,83.9621
79.8018,81.1417
79.8018,73.5674
48.275,50.9397
48.275,45.5349
48.275,44.2492
48.275,41.0037
48.275,46.7667
48.275,62.4137
48.275,46.8728
48.275,47.7202
48.275,62.5415
48.275,57.9087
48.275,60.5757
48.275,54.2923
48.275,37.3246
48.275,64.1144
48.275,62.5577
76.0287,83.1558
76.0287,82.4401
76.0287,81.6559
76.0287,74.762
76.0287,86.3011
76.0287,70.3455
76.0287,83.6229
76.0287,73.2601
76.0287,86.1387
76.0287,81.1417
76.0287,61.4935
47.4765,46.7856
47.4765,46.7347
47.4765,35.1735
47.4765,64.3886
47.4765,35.2979
64.584,62.2043
64.584,62.6497
54.0094,54.9463
54.0094,46.045
54.0094,59.7346
96.6239,94.7786
70.3455,73.2601
70.3455,74.762
70.3455,57.4341
70.3455,82.4401
70.3455,83.6229
70.3455,63.1439
70.3455,56.3615
70.3455,55.7606
70.3455,54.5829
70.3455,84.2643
70.3455,71.7154
70.3455,59.3968
70.3455,67.0742
70.3455,83.1558
90.0343,92.6571
90.0343,97.8173
98.104,93.2108
98.104,90.6586
98.104,87.7768
98.104,84.4974
98.104,83.9621
46.045,53.2394
46.045,54.9463
46.045,59.7346
3.67681,2.11783
3.67681,7.00536
3.67681,6.41786
3.67681,1.70073
3.67681,1.01789
3.67681,3.26725
3.67681,5.22024
3.67681,6.9671
3.67681,6.6199
3.67681,3.74658
3.67681,15.3922
12.2565,8.69469
12.2565,6.30775
12.2565,17.1843
12.2565,5.55251
12.2565,19.3131
12.2565,12.4429
12.2565,8.93139
12.2565,9.9938
12.2565,22.1856
46.7856,46.7347
46.7856,36.8143
46.7856,35.1735
46.7856,35.026
46.7856,33.3815
46.7856,47.7202
73.5674,74.5916
73.5674,73.8224
73.5674,76.0467
73.5674,83.9621
73.5674,64.3886
73.5674,84.4974
73.5674,87.7768
73.5674,65.894
73.5674,83.08
1.01789,2.11783
1.01789,3.26725
1.01789,6.41786
1.01789,5.22024
1.01789,3.74658
1.01789,7.00536
1.01789,0.41052
1.01789,6.9671
1.01789,6.6199
1.01789,12.4429
68.9775,62.4137
68.9775,62.5415
81.1417,86.1387
81.1417,84.0255
81.1417,86.3011
84.0247,71.7154
84.0247,67.0742
84.0247,74.762
84.0247,94.7786
84.0247,73.2601
84.8787,92.6571
61.4935,60.8762
0.41052,3.26725
0.41052,1.70073
0.41052,12.4429
2.11783,1.70073
2.11783,3.26725
2.11783,6.41786
2.11783,7.00536
2.11783,6.9671
2.11783,6.6199
2.11783,5.22024
2.11783,3.74658
56.3615,59.3968
56.3615,43.8219
56.3615,63.1439
56.3615,73.2601
56.3615,59.9925
14.2472,22.9429
14.2472,22.7025
14.2472,28.1271
14.2472,14.4313
14.2472,31.4896
62.5577,57.9087
62.5577,66.4051
62.5577,64.1144
62.5577,62.5415
62.5577,54.2923
62.5577,71.8481
62.5577,62.4137
62.5577,50.9397
62.5577,45.5349
49.5603,34.2233
49.5603,35.2656
7.04752,16.5653
7.04752,6.85237
7.04752,16.4011
7.04752,17.721
7.04752,24.4604
37.3246,45.5349
37.3246,50.9397
54.9463,59.7346
60.5757,57.9087
60.5757,62.5415
60.5757,64.1144
60.5757,66.4051
60.5757,54.2923
60.5757,62.4137
60.5757,50.9397
60.5757,71.8481
60.5757,45.5349
60.5757,46.7667
60.5757,44.2492
60.5757,46.8728
28.1271,22.7025
28.1271,22.9429
28.1271,31.4896
28.1271,33.2941
28.1271,28.5126
28.1271,14.4313
28.1271,41.4022
66.4051,57.9087
66.4051,62.5415
66.4051,64.1144
66.4051,71.8481
66.4051,54.2923
66.4051,62.4137
66.4051,50.9397
28.5126,33.2941
28.5126,31.4896
28.5126,35.026
28.5126,36.8143
28.5126,41.4022
28.5126,14.4313
28.5126,22.7025
28.5126,22.9429
28.5126,35.1735
28.5126,33.3815
59.7346,53.2394
89.9642,92.6571
89.9642,97.8173
54.2923,57.9087
54.2923,64.1144
54.2923,45.5349
54.2923,50.9397
54.2923,62.5415
54.2923,43.1935
54.2923,44.2492
54.2923,46.7667
54.2923,46.8728
54.2923,62.4137
54.2923,47.7202
54.2923,41.0037
54.2923,71.8481
75.9228,68.9247
75.9228,73.8224
75.9228,74.5916
75.9228,71.8481
75.9228,84.0255
42.2467,35.4238
42.2467,42.7411
42.2467,30.5485
59.9925,72.9492
59.9925,55.7606
59.9925,72.6087
72.9492,72.6087
72.9492,84.2643
72.9492,63.1439
35.1735,35.2979
35.1735,35.026
35.1735,36.8143
35.1735,41.4022
35.1735,46.7347
35.1735,33.2941
12.4429,17.1843
12.4429,19.3131
12.4429,22.1856
12.4429,3.26725
12.4429,1.70073
12.4429,5.22024
12.4429,6.30775
12.4429,8.69469
41.0037,44.2492
41.0037,46.7667
41.0037,46.8728
41.0037,47.7202
41.0037,45.5349
41.0037,43.1935
41.0037,50.9397
84.0255,86.1387
84.0255,83.9621
84.0255,86.3011
84.0255,87.7768
83.08,74.5916
83.08,73.8224
83.08,93.2108
83.08,76.0467
83.08,90.6586
83.08,64.3886
92.6571,89.7953
97.8173,84.2643
67.0742,63.7657
67.0742,71.7154
67.0742,74.762
67.0742,73.2601
67.0742,59.3968
67.0742,84.4463
22.7025,31.4896
22.7025,33.2941
22.7025,14.4313
74.5916,64.3886
74.5916,66.5083
74.5916,76.0467
74.5916,68.9247
74.5916,83.9621
33.6207,32.5096
33.6207,34.0366
33.6207,35.2656
17.721,16.5653
17.721,24.4604
17.721,6.85237
17.721,30.5485
17.721,16.2372
17.721,35.4238
35.026,33.3815
35.026,41.4022
35.026,46.7347
35.026,33.2941
35.026,31.4896
94.7786,84.4463
47.7202,46.7667
47.7202,44.2492
47.7202,43.1935
47.7202,45.5349
47.7202,50.9397
86.3011,86.1387
86.3011,82.4401
86.3011,83.1558
86.3011,83.6229
86.3011,81.6559
22.9429,31.4896
22.9429,33.2941
64.3886,66.5083
64.3886,73.8224
14.4313,31.4896
44.2492,46.7667
44.2492,46.8728
44.2492,43.1935
44.2492,45.5349
44.2492,50.9397
44.2492,57.9087
7.72394,8.93139
7.72394,3.50947
7.72394,2.69894
7.72394,9.9938
7.72394,5.55251
7.72394,6.30775
7.72394,8.69469
7.72394,5.22024
71.7154,59.3968
71.7154,63.7657
71.7154,73.2601
71.7154,84.4463
71.7154,74.762
64.1144,71.8481
64.1144,62.5415
64.1144,57.9087
64.1144,62.4137
64.1144,50.9397
64.1144,45.5349
64.1144,46.7667
64.1144,46.8728
8.93139,5.55251
8.93139,2.69894
8.93139,3.50947
8.93139,9.9938
8.93139,6.30775
8.93139,8.69469
63.7657,59.3968
63.7657,74.762
8.69469,6.30775
8.69469,5.55251
8.69469,9.9938
8.69469,3.50947
8.69469,2.69894
8.69469,17.1843
8.69469,5.22024
8.69469,19.3131
63.1439,61.6124
63.1439,60.7665
63.1439,57.4341
63.1439,55.7606
63.1439,54.5829
63.1439,73.2601
63.1439,72.6087
90.6586,84.4974
90.6586,87.7768
90.6586,93.2108
90.6586,76.0467
90.6586,83.9621
16.5653,16.4011
16.5653,24.4604
16.5653,6.85237
16.5653,30.5485
3.26725,1.70073
3.26725,5.22024
3.26725,7.00536
3.26725,6.41786
3.26725,6.9671
3.26725,6.6199
3.26725,3.74658
3.26725,17.1843
62.6497,63.9829
62.6497,66.6492
46.7667,43.1935
46.7667,45.5349
46.7667,50.9397
46.7667,57.9087
3.74658,6.6199
3.74658,6.9671
3.74658,6.41786
3.74658,7.00536
3.74658,1.70073
3.74658,15.3922
22.1856,19.3131
22.1856,29.2726
22.1856,17.1843
22.1856,33.3815
83.1558,81.6559
83.1558,82.4401
83.1558,74.762
83.1558,95.7497
83.1558,83.6229
83.1558,97.6534
83.1558,73.2601
83.1558,86.1387
83.1558,96.8522
6.41786,6.9671
6.41786,6.6199
6.41786,15.3922
6.41786,16.2372
6.41786,1.70073
6.41786,5.22024
66.6492,62.2043
35.2979,31.1127
24.4604,30.5485
24.4604,16.4011
24.4604,35.4238
24.4604,6.85237
30.5485,35.4238
30.5485,16.4011
0.73973,3.40339
33.3815,29.2726
33.3815,36.8143
33.3815,46.7347
72.6087,84.2643
74.762,73.2601
74.762,81.6559
74.762,82.4401
74.762,83.6229
74.762,84.4463
93.2108,84.4974
93.2108,87.7768
93.2108,76.0467
62.5415,62.4137
62.5415,57.9087
62.5415,50.9397
62.5415,71.8481
62.5415,45.5349
46.8728,43.1935
46.8728,45.5349
46.8728,50.9397
46.8728,57.9087
41.4022,33.2941
41.4022,31.4896
41.4022,36.8143
41.4022,46.7347
17.1843,19.3131
17.1843,6.30775
17.1843,9.9938
17.1843,5.55251
17.1843,5.22024
7.00536,6.9671
7.00536,6.6199
7.00536,15.3922
7.00536,16.2372
7.00536,5.22024
7.00536,1.70073
29.2726,19.3131
6.30775,9.9938
6.30775,3.50947
6.30775,2.69894
6.30775,5.22024
3.50947,9.9938
3.50947,5.55251
3.50947,5.22024
96.8522,97.6534
96.8522,95.7497
96.8522,83.6229
96.8522,82.4401
96.8522,84.2643
31.1127,31.4896
31.1127,33.2941
35.2656,34.2233
35.2656,34.0366
35.2656,32.5096
33.2941,36.8143
32.5096,34.0366
62.2043,63.9829
6.9671,15.3922
6.9671,16.2372
6.9671,1.70073
63.9829,60.7665
63.9829,61.6124
15.3922,16.2372
15.3922,6.6199
46.7347,36.8143
55.7606,43.8219
55.7606,59.3968
55.7606,73.2601
73.8224,66.5083
73.8224,68.9247
73.8224,76.0467
73.8224,83.9621
97.6534,83.6229
97.6534,82.4401
71.8481,62.4137
71.8481,57.9087
50.9397,45.5349
50.9397,57.9087
50.9397,62.4137
50.9397,43.1935
45.5349,57.9087
45.5349,43.1935
45.5349,62.4137
83.6229,82.4401
83.6229,84.2643
83.6229,73.2601
83.6229,95.7497
9.9938,5.55251
9.9938,2.69894
9.9938,5.22024
57.4341,54.5829
57.4341,43.8219
57.4341,59.3968
57.4341,73.2601
43.1935,57.9087
59.3968,54.5829
59.3968,73.2601
6.6199,16.2372
6.6199,1.70073
65.894,76.0467
65.894,84.4974
5.22024,1.70073
5.22024,2.69894
5.22024,5.55251
43.8219,54.5829
36.8143,31.4896
2.69894,5.55251
81.6559,82.4401
73.2601,82.4401
73.2601,84.2643
73.2601,54.5829
87.7768,84.4974
87.7768,83.9621
87.7768,76.0467
82.4401,84.2643
82.4401,95.7497
76.0467,84.4974
76.0467,83.9621
84.4974,83.9621
6.85237,16.4011
61.6124,60.8762
16.2372,16.4011
57.9087,62.4137
