idc,idr
1833:142669,12569289480:12569288943
1833:127659,12569289480:12569246999
1833:230195,12569289480:12569288330
1833:434827,12569289480:12569246965
1833:104018,12569289480:12569288834
1833:71177,12569289480:12569289180
1833:49059,12569289480:12569289465
1833:218449,12569289480:12569288606
1833:139222,12569289480:12569249314
1833:353267,12569289480:12569247937
1833:295068,12569289480:12569287498
1833:48412,12569289480:12578570568
4307:107781,12568691568:12568691312
4307:489071,12568691568:x-12697579147
4307:484236,12568691568:x-12697579168
5628:238538,12569289701:12569288303
5628:408840,12569289701:12569286880
5628:179349,12569289701:12569288867
5628:159299,12569289701:12569288726
7100:343227,12568653134:12568651536
7100:78028,12568653134:12568652263
7100:170332,12568653134:12568652219
7100:7301,12568653134:12568653028
7100:97441,12568653134:12568650463
7100:98797,12568653134:12568652573
7100:293114,12568653134:12568651423
7100:375113,12568653134:12568650506
7100:234439,12568653134:12568650468
7100:154867,12568653134:12568652427
7100:105283,12568653134:12568652852
7100:24136,12568653134:12568653037
7100:42918,12568653134:12568652793
7100:89656,12568653134:12568652602
7100:123013,12568653134:12568652695
7100:84576,12568653134:12568652877
7100:238882,12568653134:12568651460
7100:321281,12568653134:12568651385
7100:219980,12568653134:12568652301
7100:16735,12568653134:12568653120
7301:238882,12568653028:12568651460
7301:98797,12568653028:12568652573
7301:170332,12568653028:12568652219
7301:343227,12568653028:12568651536
7301:301631,12568653028:12568651033
7301:16735,12568653028:12568653120
7301:279650,12568653028:12568651020
7301:222838,12568653028:12568652156
7301:154867,12568653028:12568652427
7301:84576,12568653028:12568652877
7301:123013,12568653028:12568652695
7301:251831,12568653028:12568651897
7301:78028,12568653028:12568652263
7301:30862,12568653028:12568652291
7301:89656,12568653028:12568652602
7301:134512,12568653028:12568652337
7301:153801,12568653028:12568652180
7301:42918,12568653028:12568652793
7301:293114,12568653028:12568651423
8052:143038,12568653176:12568650750
8052:29357,12568653176:12568653099
8052:357512,12568653176:12568650716
8052:369672,12568653176:12568651091
8052:43698,12568653176:12568652386
8052:88488,12568653176:12568652072
8052:16521,12568653176:12568653159
8052:314527,12568653176:12568651607
8052:317539,12568653176:12568651659
8052:252293,12568653176:12568651860
8052:168745,12568653176:12568651991
8052:325093,12568653176:12568650428
8052:220287,12568653176:12568652094
8779:239608,12569249987:12569248133
8779:115366,12569249987:12569249360
8779:303889,12569249987:12569248457
8779:175786,12569249987:12569248279
8779:106326,12569249987:12569248265
8779:27677,12569249987:12569249980
8779:286236,12569249987:12569248412
8779:225161,12569249987:12569248879
8779:398088,12569249987:12569247689
8779:153993,12569249987:12569249323
8779:381565,12569249987:12569247323
14745:506477,12577990225:z-12579123206
14745:210060,12577990225:12577989983
14745:507631,12577990225:z-12578534037
14745:205304,12577990225:12577987762
14745:424769,12577990225:12577987716
14745:128564,12577990225:12577987655
14745:155262,12577990225:12577987651
14745:501474,12577990225:z-12578537121
14745:501147,12577990225:z-12578537637
14745:503065,12577990225:z-12578537082
14745:505287,12577990225:z-12578536223
14745:500364,12577990225:z-12578537530
14745:167663,12577990225:12577990607
14745:503966,12577990225:z-12578534949
14745:505395,12577990225:z-12578534937
14745:507058,12577990225:z-12578534901
14745:138816,12577990225:12577990242
14745:22635,12577990225:12578571554
14745:116583,12577990225:12578570962
14745:504506,12577990225:z-12578536722
14745:34934,12577990225:12577991099
16124:351356,12568650845:12568651110
16124:153801,12568650845:12568652180
16124:30862,12568650845:12568652291
16124:431790,12568650845:12568649498
16124:211957,12568650845:12568652019
16124:251831,12568650845:12568651897
16124:206648,12568650845:12568649562
16124:482189,12568650845:x-12697546875
16124:299481,12568650845:12568651643
16124:139026,12568650845:12568649538
16124:437448,12568650845:12568650086
16124:279650,12568650845:12568651020
16124:222838,12568650845:12568652156
16124:301631,12568650845:12568651033
16124:480557,12568650845:x-12697547258
16124:197704,12568650845:12568649582
16124:16735,12568650845:12568653120
16124:238882,12568650845:12568651460
16124:260383,12568650845:12568651956
16124:203091,12568650845:12568651822
16124:360404,12568650845:12568650816
16124:150673,12568650845:12568650838
16124:150977,12568650845:12568652251
16124:41038,12568650845:12568652456
16124:209186,12568650845:12568652416
16124:480376,12568650845:x-12697547382
16521:43698,12568653159:12568652386
16521:168745,12568653159:12568651991
16521:279085,12568653159:12568651502
16521:191284,12568653159:12568652354
16521:402934,12568653159:12568650530
16521:369672,12568653159:12568651091
16521:171091,12568653159:12568652632
16521:317539,12568653159:12568651659
16521:494928,12568653159:y-12577409159
16521:289557,12568653159:12568651341
16521:88488,12568653159:12568652072
16521:490247,12568653159:y-12577410243
16521:338118,12568653159:12568688816
16521:29357,12568653159:12568653099
16521:143038,12568653159:12568650750
16521:366749,12568653159:12568688852
16521:220287,12568653159:12568652094
16521:494311,12568653159:y-12577409420
16521:490364,12568653159:y-12577407659
16521:494270,12568653159:y-12577409105
16521:279915,12568653159:12568651802
16521:497506,12568653159:y-12577407829
16521:357512,12568653159:12568650716
16521:497075,12568653159:y-12577407636
16521:496407,12568653159:y-12577408586
16521:189224,12568653159:12568652174
16735:251831,12568653120:12568651897
16735:301631,12568653120:12568651033
16735:279650,12568653120:12568651020
16735:238882,12568653120:12568651460
16735:351356,12568653120:12568651110
16735:360404,12568653120:12568650816
16735:153801,12568653120:12568652180
16735:150673,12568653120:12568650838
16735:350072,12568653120:12568650907
16735:30862,12568653120:12568652291
16735:321281,12568653120:12568651385
16735:20095,12568653120:12568653084
18536:360031,12568652367:12568649884
18536:194338,12568652367:12568649901
18536:345615,12568652367:12568649929
18536:389691,12568652367:12568649848
18536:162394,12568652367:12569248563
18536:40115,12568652367:12568653000
18536:273619,12568652367:12568651746
18536:384455,12568652367:12569287262
18536:366148,12568652367:12568689506
18536:99131,12568652367:12568691120
18536:71177,12568652367:12569289180
18536:372537,12568652367:12568651183
18536:102362,12568652367:12568652840
18536:410451,12568652367:12568649613
18536:19507,12568652367:12568652619
18536:67501,12568652367:12569249605
18536:426980,12568652367:12568649757
18536:296048,12568652367:12569248529
19507:410451,12568652619:12568649613
19507:426980,12568652619:12568649757
19507:273619,12568652619:12568651746
19507:40115,12568652619:12568653000
19507:428783,12568652619:12568650313
19914:389520,12569250014:12569247473
19914:71026,12569250014:12569249332
19914:96436,12569250014:12569247023
19914:414682,12569250014:12569247091
19914:126131,12569250014:12569247408
19914:401777,12569250014:12569247548
19914:64093,12569250014:12569249345
19914:274804,12569250014:12569248805
19914:27677,12569250014:12569249980
19914:225161,12569250014:12569248879
19914:22133,12569250014:12569248587
19914:40321,12569250014:12569249549
19914:91209,12569250014:12569249433
19914:167473,12569250014:12569248590
19914:270428,12569250014:12578570708
20095:321281,12568653084:12568651385
20095:280324,12568653084:12568651686
20095:333997,12568653084:12568651291
20095:314527,12568653084:12568651607
20095:51782,12568653084:12568652945
20095:293114,12568653084:12568651423
22133:64093,12569248587:12569249345
22133:126131,12569248587:12569247408
22133:274804,12569248587:12569248805
22133:40321,12569248587:12569249549
22133:296385,12569248587:12569248674
22133:389520,12569248587:12569247473
22133:401777,12569248587:12569247548
22133:136207,12569248587:12569249376
22133:96436,12569248587:12569247023
22133:414682,12569248587:12569247091
22133:38488,12569248587:12569249655
22133:49897,12569248587:12569247257
22133:226383,12569248587:12569248900
22635:116583,12578571554:12578570962
22635:37719,12578571554:12578571351
22635:507631,12578571554:z-12578534037
22635:501474,12578571554:z-12578537121
22635:503065,12578571554:z-12578537082
22635:368572,12578571554:12568650992
22635:500364,12578571554:z-12578537530
22635:155262,12578571554:12577987651
22635:205304,12578571554:12577987762
22635:128564,12578571554:12577987655
22635:424769,12578571554:12577987716
22635:506477,12578571554:z-12579123206
22635:34934,12578571554:12577991099
24136:375113,12568653037:12568650506
24136:234439,12568653037:12568650468
24136:97441,12568653037:12568650463
24136:305274,12568653037:12568651566
24136:209761,12568653037:12568652109
24136:125672,12568653037:12568652784
24136:65169,12568653037:12568651219
24136:329974,12568653037:12568651213
24136:78028,12568653037:12568652263
24136:398823,12568653037:12568650673
24136:219980,12568653037:12568652301
24136:293114,12568653037:12568651423
24136:343227,12568653037:12568651536
24136:208237,12568653037:12568651709
24136:105283,12568653037:12568652852
24136:170332,12568653037:12568652219
24695:335778,12577990915:12578569690
24695:279259,12577990915:12578569661
24695:69063,12577990915:12578571299
24695:289732,12577990915:12578570388
24695:85715,12577990915:12578570995
24695:154988,12577990915:12578570694
26217:410451,12568652711:12568649613
26217:426980,12568652711:12568649757
26217:428783,12568652711:12568650313
26217:273619,12568652711:12568651746
26217:40115,12568652711:12568653000
26217:91209,12568652711:12569249433
27677:115366,12569249980:12569249360
27677:71026,12569249980:12569249332
27677:303889,12569249980:12569248457
27677:225161,12569249980:12569248879
27677:239608,12569249980:12569248133
27677:175786,12569249980:12569248279
27677:106326,12569249980:12569248265
29357:88488,12568653099:12568652072
29357:143038,12568653099:12568650750
29357:314527,12568653099:12568651607
29357:357512,12568653099:12568650716
29357:220287,12568653099:12568652094
29357:323513,12568653099:12568650132
29357:265973,12568653099:12568651847
29357:369672,12568653099:12568651091
29357:421673,12568653099:12568650178
29357:51782,12568653099:12568652945
29357:169803,12568653099:12568652452
29357:43698,12568653099:12568652386
29357:325093,12568653099:12568650428
29357:333997,12568653099:12568651291
29357:261104,12568653099:12568651978
29357:252293,12568653099:12568651860
29357:279085,12568653099:12568651502
29357:381312,12568653099:12568650394
29357:69935,12568653099:12568652932
29357:402934,12568653099:12568650530
29357:482518,12568653099:x-12697546861
29357:280324,12568653099:12568651686
30862:153801,12568652291:12568652180
30862:350072,12568652291:12568650907
30862:437448,12568652291:12568650086
30862:299481,12568652291:12568651643
30862:351356,12568652291:12568651110
30862:206648,12568652291:12568649562
30862:238882,12568652291:12568651460
30862:279650,12568652291:12568651020
30862:301631,12568652291:12568651033
30862:260383,12568652291:12568651956
30862:431790,12568652291:12568649498
30862:251831,12568652291:12568651897
30862:139026,12568652291:12568649538
30862:150977,12568652291:12568652251
30862:222838,12568652291:12568652156
30862:197704,12568652291:12568649582
30862:211957,12568652291:12568652019
30862:61054,12568652291:12569249575
30862:173589,12568652291:12569249100
32717:212993,12569249645:12569248981
32717:142810,12569249645:12569249163
32717:47029,12569249645:12569249502
32717:151263,12569249645:12569249215
32717:376468,12569249645:12569247986
32717:348244,12569249645:12569248239
32717:345710,12569249645:12569247574
32717:85488,12569249645:12569249615
32717:230879,12569249645:12569247601
32717:134512,12569249645:12568652337
32717:114994,12569249645:12569249405
34934:138816,12577991099:12577990242
34934:155262,12577991099:12577987651
34934:500364,12577991099:z-12578537530
34934:128564,12577991099:12577987655
34934:424769,12577991099:12577987716
34934:205304,12577991099:12577987762
34934:167663,12577991099:12577990607
34934:116583,12577991099:12578570962
34934:503065,12577991099:z-12578537082
34934:507631,12577991099:z-12578534037
34934:501474,12577991099:z-12578537121
34934:498820,12577991099:z-12578538007
34934:506767,12577991099:z-12569211292
37719:246333,12578571351:12578570737
37719:116583,12578571351:12578570962
37719:368572,12578571351:12568650992
38488:136207,12569249655:12569249376
38488:226383,12569249655:12569248900
38488:506044,12569249655:z-12569804658
38488:507442,12569249655:z-12569804765
38488:505971,12569249655:z-12569807082
38488:296385,12569249655:12569248674
38488:167473,12569249655:12569248590
38488:506631,12569249655:z-12569806262
38488:64093,12569249655:12569249345
38555:350727,12568652768:12568651257
38555:492645,12568652768:y-12577409797
38555:494985,12568652768:y-12577409186
38555:101204,12568652768:12568652751
38555:492273,12568652768:y-12577409898
38555:492396,12568652768:y-12577409912
40115:273619,12568653000:12568651746
40115:360031,12568653000:12568649884
40115:345615,12568653000:12568649929
40115:194338,12568653000:12568649901
40115:426980,12568653000:12568649757
40115:389691,12568653000:12568649848
40115:410451,12568653000:12568649613
40115:102362,12568653000:12568652840
40115:103639,12568653000:12568652732
40115:372537,12568653000:12568651183
40115:162394,12568653000:12569248563
40115:71177,12568653000:12569289180
40115:218449,12568653000:12569288606
40317:60529,12568652486:12568652680
40317:486136,12568652486:x-12697545856
40317:483012,12568652486:x-12697546790
40317:263200,12568652486:12568690632
40317:230680,12568652486:12568690973
40321:296385,12569249549:12569248674
40321:64093,12569249549:12569249345
40321:126131,12569249549:12569247408
40321:401777,12569249549:12569247548
40321:389520,12569249549:12569247473
40321:167473,12569249549:12569248590
40321:49897,12569249549:12569247257
40321:398121,12569249549:12569247221
40321:136207,12569249549:12569249376
40321:96436,12569249549:12569247023
40321:414682,12569249549:12569247091
40321:502998,12569249549:z-12569808127
40321:226383,12569249549:12569248900
41038:197704,12568652456:12568649582
41038:139026,12568652456:12568649538
41038:483676,12568652456:x-12698118766
41038:206648,12568652456:12568649562
41038:431790,12568652456:12568649498
41038:482189,12568652456:x-12697546875
41038:480557,12568652456:x-12697547258
41038:299481,12568652456:12568651643
41038:260383,12568652456:12568651956
41038:114994,12568652456:12569249405
41038:211957,12568652456:12568652019
41038:348244,12568652456:12569248239
41038:437448,12568652456:12568650086
41038:150977,12568652456:12568652251
41038:350072,12568652456:12568650907
41038:85488,12568652456:12569249615
41038:482902,12568652456:x-12698119052
42857:489090,12569248954:x-12698119537
42857:481520,12569248954:x-12698118999
42918:154867,12568652793:12568652427
42918:170332,12568652793:12568652219
42918:98797,12568652793:12568652573
42918:123013,12568652793:12568652695
42918:343227,12568652793:12568651536
42918:78028,12568652793:12568652263
42918:219980,12568652793:12568652301
42918:249875,12568652793:12568652049
42918:290772,12568652793:12568651780
42918:375113,12568652793:12568650506
42918:305274,12568652793:12568651566
42918:234439,12568652793:12568650468
42918:97441,12568652793:12568650463
43698:369672,12568652386:12568651091
43698:168745,12568652386:12568651991
43698:279085,12568652386:12568651502
43698:191284,12568652386:12568652354
43698:402934,12568652386:12568650530
43698:171091,12568652386:12568652632
43698:317539,12568652386:12568651659
43698:88488,12568652386:12568652072
43698:143038,12568652386:12568650750
43698:289557,12568652386:12568651341
43698:494928,12568652386:y-12577409159
43698:490247,12568652386:y-12577410243
43698:357512,12568652386:12568650716
43698:220287,12568652386:12568652094
43698:494311,12568652386:y-12577409420
43698:325093,12568652386:12568650428
43698:338118,12568652386:12568688816
43698:366749,12568652386:12568688852
43698:381312,12568652386:12568650394
43698:421673,12568652386:12568650178
46790:88965,12578571409:12578571088
46790:227705,12578571409:12578570405
46790:186431,12578571409:12578570903
46790:89603,12578571409:12578612388
46907:134512,12568652553:12568652337
46907:84576,12568652553:12568652877
46907:428783,12568652553:12568650313
46907:376468,12568652553:12569247986
46907:187050,12568652553:12568652136
46907:106326,12568652553:12569248265
46907:91209,12568652553:12569249433
46907:47029,12568652553:12569249502
46907:175786,12568652553:12569248279
46907:142810,12568652553:12569249163
46907:212993,12568652553:12569248981
46907:151263,12568652553:12569249215
46907:225161,12568652553:12569248879
47029:142810,12569249502:12569249163
47029:151263,12569249502:12569249215
47029:376468,12569249502:12569247986
47029:134512,12569249502:12568652337
47029:345710,12569249502:12569247574
47029:230879,12569249502:12569247601
47029:84576,12569249502:12568652877
47029:85488,12569249502:12569249615
47029:225161,12569249502:12569248879
47029:106326,12569249502:12569248265
47029:171060,12569249502:12569249057
47029:175786,12569249502:12569248279
48412:211605,12578570568:12578568881
48412:163653,12578570568:12578568878
48412:345905,12578570568:12578568893
48412:49833,12578570568:12578568929
48412:89603,12578570568:12578612388
48412:230195,12578570568:12569288330
48412:142669,12578570568:12569288943
48412:295068,12578570568:12569287498
48412:104018,12578570568:12569288834
49059:104018,12569289465:12569288834
49059:71177,12569289465:12569289180
49059:434827,12569289465:12569246965
49833:89603,12578568929:12578612388
49833:85554,12578568929:12578611902
49833:104018,12578568929:12569288834
49833:227705,12578568929:12578570405
49833:88965,12578568929:12578571088
49833:230195,12578568929:12569288330
49897:401777,12569247257:12569247548
49897:171060,12569247257:12569249057
49897:389520,12569247257:12569247473
49897:274804,12569247257:12569248805
49897:126131,12569247257:12569247408
49897:368572,12569247257:12568650992
49897:96436,12569247257:12569247023
49897:414682,12569247257:12569247091
49897:64093,12569247257:12569249345
49897:230879,12569247257:12569247601
49897:296385,12569247257:12569248674
49897:226383,12569247257:12569248900
49897:345710,12569247257:12569247574
49897:136207,12569247257:12569249376
49897:502998,12569247257:z-12569808127
49897:507442,12569247257:z-12569804765
51782:333997,12568652945:12568651291
51782:314527,12568652945:12568651607
51782:169803,12568652945:12568652452
51782:280324,12568652945:12568651686
51782:220287,12568652945:12568652094
51782:88488,12568652945:12568652072
51782:265973,12568652945:12568651847
51782:323513,12568652945:12568650132
51782:69935,12568652945:12568652932
51782:321281,12568652945:12568651385
51782:421673,12568652945:12568650178
54017:99131,12568652864:12568691120
54017:389691,12568652864:12568649848
54017:345615,12568652864:12568649929
54017:194338,12568652864:12568649901
54017:372537,12568652864:12568651183
54017:264958,12568652864:12568651939
54017:215076,12568652864:12568690758
54017:366148,12568652864:12568689506
54017:360031,12568652864:12568649884
54017:107781,12568652864:12568691312
54017:263200,12568652864:12568690632
57217:336765,12577988643:12577989558
57217:328197,12577988643:12577989373
60529:263200,12568652680:12568690632
60529:107781,12568652680:12568691312
60529:230680,12568652680:12568690973
60529:264958,12568652680:12568651939
60529:486136,12568652680:x-12697545856
61054:437448,12569249575:12568650086
61054:299481,12569249575:12568651643
61054:500531,12569249575:z-12569213125
61054:504926,12569249575:z-12569212338
61054:505826,12569249575:z-12569807105
61054:114994,12569249575:12569249405
61054:499440,12569249575:z-12569213214
61054:348244,12569249575:12569248239
61054:209186,12569249575:12568652416
61054:206648,12569249575:12568649562
61054:139026,12569249575:12568649538
62416:83061,12568691351:12568691421
62416:366749,12568691351:12568688852
62416:338118,12568691351:12568688816
62416:341864,12568691351:12568689581
62416:279915,12568691351:12568651802
62416:490808,12568691351:y-12577450199
62416:496582,12568691351:y-12577447944
62416:414954,12568691351:12568688675
62416:489542,12568691351:y-12577447908
62416:289557,12568691351:12568651341
62416:105569,12568691351:12568688598
62416:317539,12568691351:12568651659
64093:167473,12569249345:12569248590
64093:126131,12569249345:12569247408
64093:274804,12569249345:12569248805
64093:389520,12569249345:12569247473
64093:296385,12569249345:12569248674
64093:401777,12569249345:12569247548
64093:96436,12569249345:12569247023
64093:414682,12569249345:12569247091
64093:136207,12569249345:12569249376
64093:398121,12569249345:12569247221
64093:226383,12569249345:12569248900
65169:398823,12568651219:12568650673
65169:125672,12568651219:12568652784
65169:209761,12568651219:12568652109
65169:305274,12568651219:12568651566
65169:208237,12568651219:12568651709
65169:70619,12568651219:12577990894
65169:234439,12568651219:12568650468
65169:375113,12568651219:12568650506
65169:97441,12568651219:12568650463
65169:230736,12568651219:12577989258
65169:243111,12568651219:12577989252
65169:219980,12568651219:12568652301
65169:327406,12568651219:12568651586
67501:296048,12569249605:12569248529
67501:384455,12569249605:12569287262
67501:230680,12569249605:12568690973
67501:162394,12569249605:12569248563
67501:259155,12569249605:12569287985
67501:179349,12569249605:12569288867
67501:408840,12569249605:12569286880
67501:263200,12569249605:12568690632
67501:286236,12569249605:12569248412
67501:153993,12569249605:12569249323
67501:398088,12569249605:12569247689
67501:353267,12569249605:12569247937
67501:381565,12569249605:12569247323
67501:108534,12569249605:12569247268
69063:279259,12578571299:12578569661
69063:295068,12578571299:12569287498
69063:335778,12578571299:12578569690
69063:70724,12578571299:12578571055
69063:218449,12578571299:12569288606
69935:265973,12568652932:12568651847
69935:261104,12568652932:12568651978
69935:323513,12568652932:12568650132
69935:169803,12568652932:12568652452
69935:421673,12568652932:12568650178
69935:482577,12568652932:x-12697546886
69935:357512,12568652932:12568650716
69935:252293,12568652932:12568651860
69935:483399,12568652932:x-12697543433
69935:381312,12568652932:12568650394
69935:325093,12568652932:12568650428
69935:485704,12568652932:x-12697543485
69935:482518,12568652932:x-12697546861
69935:143038,12568652932:12568650750
69935:484868,12568652932:x-12697545941
69935:488118,12568652932:x-12697544926
69935:314527,12568652932:12568651607
69935:485830,12568652932:x-12697545896
70619:398823,12577990894:12568650673
70619:329974,12577990894:12568651213
70619:125672,12577990894:12568652784
70619:327406,12577990894:12568651586
70619:208237,12577990894:12568651709
70619:243111,12577990894:12577989252
70619:209761,12577990894:12568652109
70619:230736,12577990894:12577989258
70619:196294,12577990894:12577990283
70619:305274,12577990894:12568651566
70724:128526,12578571055:12578571003
70724:186431,12578571055:12578570903
70724:295068,12578571055:12569287498
71026:270428,12569249332:12578570708
71177:218449,12569289180:12569288606
71177:434827,12569289180:12569246965
71177:127659,12569289180:12569246999
71177:295068,12569289180:12569287498
71177:353267,12569289180:12569247937
71177:162394,12569289180:12569248563
71177:384455,12569289180:12569287262
71177:273619,12569289180:12568651746
71177:398088,12569289180:12569247689
71177:215823,12569289180:12568690988
76246:215076,12568691521:12568690758
76246:264958,12568691521:12568651939
76246:292471,12568691521:12568690321
76246:291403,12568691521:12568690355
76246:105569,12568691521:12568688598
76246:349010,12568691521:12568689951
76246:414954,12568691521:12568688675
76246:483958,12568691521:x-12697582072
76246:483964,12568691521:x-12697582104
76246:341864,12568691521:12568689581
76246:233800,12568691521:12568688223
76659:186431,12578570608:12578570903
76659:88965,12578570608:12578571088
76659:227705,12578570608:12578570405
76659:89603,12578570608:12578612388
78028:343227,12568652263:12568651536
78028:375113,12568652263:12568650506
78028:97441,12568652263:12568650463
78028:170332,12568652263:12568652219
78028:234439,12568652263:12568650468
78028:98797,12568652263:12568652573
78028:293114,12568652263:12568651423
78028:305274,12568652263:12568651566
78028:89656,12568652263:12568652602
78028:154867,12568652263:12568652427
78028:219980,12568652263:12568652301
78028:125672,12568652263:12568652784
78028:123013,12568652263:12568652695
78028:105283,12568652263:12568652852
78028:84576,12568652263:12568652877
83061:341864,12568691421:12568689581
83061:338118,12568691421:12568688816
83061:414954,12568691421:12568688675
83061:366749,12568691421:12568688852
83061:105569,12568691421:12568688598
83061:289557,12568691421:12568651341
83061:317539,12568691421:12568651659
83061:279915,12568691421:12568651802
83061:494270,12568691421:y-12577409105
83061:168745,12568691421:12568651991
83061:494928,12568691421:y-12577409159
84576:134512,12568652877:12568652337
84576:376468,12568652877:12569247986
84576:142810,12568652877:12569249163
84576:212993,12568652877:12569248981
84576:343227,12568652877:12568651536
84576:170332,12568652877:12568652219
84576:238882,12568652877:12568651460
84576:98797,12568652877:12568652573
84576:187050,12568652877:12568652136
84576:151263,12568652877:12569249215
85488:150977,12569249615:12568652251
85488:348244,12569249615:12569248239
85488:260383,12569249615:12568651956
85488:114994,12569249615:12569249405
85488:197704,12569249615:12568649582
85488:142810,12569249615:12569249163
85488:206648,12569249615:12568649562
85488:212993,12569249615:12569248981
85488:376468,12569249615:12569247986
85488:209186,12569249615:12568652416
85488:139026,12569249615:12568649538
85488:299481,12569249615:12568651643
85488:437448,12569249615:12568650086
85488:431790,12569249615:12568649498
85488:211957,12569249615:12568652019
85488:134512,12569249615:12568652337
85554:89603,12578611902:12578612388
85554:345905,12578611902:12578568893
85554:163653,12578611902:12578568878
85554:211605,12578611902:12578568881
85554:104018,12578611902:12569288834
85715:289732,12578570995:12578570388
85715:154988,12578570995:12578570694
85715:335778,12578570995:12578569690
85715:279259,12578570995:12578569661
88488:220287,12568652072:12568652094
88488:314527,12568652072:12568651607
88488:279085,12568652072:12568651502
88488:369672,12568652072:12568651091
88488:143038,12568652072:12568650750
88488:333997,12568652072:12568651291
88488:323513,12568652072:12568650132
88488:357512,12568652072:12568650716
88488:402934,12568652072:12568650530
88488:265973,12568652072:12568651847
88488:169803,12568652072:12568652452
88488:421673,12568652072:12568650178
88488:171091,12568652072:12568652632
88488:280324,12568652072:12568651686
88488:494311,12568652072:y-12577409420
88488:168745,12568652072:12568651991
88488:191284,12568652072:12568652354
88488:189224,12568652072:12568652174
88488:325093,12568652072:12568650428
88965:186431,12578571088:12578570903
88965:89603,12578571088:12578612388
88965:345905,12578571088:12578568893
88965:163653,12578571088:12578568878
88965:211605,12578571088:12578568881
89603:345905,12578612388:12578568893
89603:163653,12578612388:12578568878
89603:211605,12578612388:12578568881
89603:227705,12578612388:12578570405
89603:186431,12578612388:12578570903
89603:104018,12578612388:12569288834
89656:154867,12568652602:12568652427
89656:98797,12568652602:12568652573
89656:123013,12568652602:12568652695
89656:170332,12568652602:12568652219
89656:343227,12568652602:12568651536
89656:219980,12568652602:12568652301
89656:249875,12568652602:12568652049
89656:290772,12568652602:12568651780
91209:225161,12569249433:12569248879
91209:106326,12569249433:12569248265
91209:175786,12569249433:12569248279
91209:428783,12569249433:12568650313
91209:414682,12569249433:12569247091
91209:96436,12569249433:12569247023
96436:389520,12569247023:12569247473
96436:126131,12569247023:12569247408
96436:401777,12569247023:12569247548
96436:225161,12569247023:12569248879
96436:171060,12569247023:12569249057
96436:274804,12569247023:12569248805
96436:398121,12569247023:12569247221
96436:167473,12569247023:12569248590
96436:151263,12569247023:12569249215
96436:230879,12569247023:12569247601
96436:345710,12569247023:12569247574
96436:296385,12569247023:12569248674
97441:293114,12568650463:12568651423
97441:105283,12568650463:12568652852
97441:343227,12568650463:12568651536
97441:209761,12568650463:12568652109
97441:219980,12568650463:12568652301
97441:305274,12568650463:12568651566
97441:170332,12568650463:12568652219
97441:125672,12568650463:12568652784
97441:329974,12568650463:12568651213
97441:98797,12568650463:12568652573
97441:321281,12568650463:12568651385
97441:398823,12568650463:12568650673
97441:154867,12568650463:12568652427
98797:154867,12568652573:12568652427
98797:123013,12568652573:12568652695
98797:343227,12568652573:12568651536
98797:219980,12568652573:12568652301
98797:375113,12568652573:12568650506
98797:234439,12568652573:12568650468
98797:238882,12568652573:12568651460
99131:366148,12568691120:12568689506
99131:389691,12568691120:12568649848
99131:194338,12568691120:12568649901
99131:345615,12568691120:12568649929
99131:263200,12568691120:12568690632
99131:230680,12568691120:12568690973
99131:360031,12568691120:12568649884
99131:107781,12568691120:12568691312
99131:259155,12568691120:12569287985
99131:372537,12568691120:12568651183
99131:215076,12568691120:12568690758
101204:350727,12568652751:12568651257
101204:251061,12568652751:12568651910
101204:489518,12568652751:y-12577410395
102362:103639,12568652840:12568652732
102362:372537,12568652840:12568651183
102362:389691,12568652840:12568649848
102362:345615,12568652840:12568649929
102362:360031,12568652840:12568649884
102362:194338,12568652840:12568649901
102362:273619,12568652840:12568651746
103639:372537,12568652732:12568651183
103639:345615,12568652732:12568649929
103639:360031,12568652732:12568649884
103639:389691,12568652732:12568649848
103639:194338,12568652732:12568649901
103639:273619,12568652732:12568651746
103639:426980,12568652732:12568649757
104018:230195,12569288834:12569288330
104018:211605,12569288834:12578568881
104018:163653,12569288834:12578568878
104018:345905,12569288834:12578568893
104018:142669,12569288834:12569288943
105283:293114,12568652852:12568651423
105283:321281,12568652852:12568651385
105283:234439,12568652852:12568650468
105283:375113,12568652852:12568650506
105283:280324,12568652852:12568651686
105283:209761,12568652852:12568652109
105283:343227,12568652852:12568651536
105569:341864,12568688598:12568689581
105569:317539,12568688598:12568651659
105569:289557,12568688598:12568651341
105569:338118,12568688598:12568688816
105569:233800,12568688598:12568688223
105569:366749,12568688598:12568688852
105569:442526,12568688598:12568688154
105569:139261,12568688598:12568691209
105569:291403,12568688598:12568690355
106326:303889,12569248265:12569248457
106326:225161,12569248265:12569248879
106326:115366,12569248265:12569249360
106326:239608,12569248265:12569248133
106326:151263,12569248265:12569249215
106326:153993,12569248265:12569249323
106326:212993,12569248265:12569248981
106326:428783,12569248265:12568650313
107781:263200,12568691312:12568690632
107781:215076,12568691312:12568690758
107781:230680,12568691312:12568690973
107781:264958,12568691312:12568651939
108534:286236,12569247268:12569248412
108534:153993,12569247268:12569249323
108534:296048,12569247268:12569248529
108534:239608,12569247268:12569248133
114994:260383,12569249405:12568651956
114994:209186,12569249405:12568652416
114994:197704,12569249405:12568649582
114994:299481,12569249405:12568651643
114994:206648,12569249405:12568649562
114994:139026,12569249405:12568649538
114994:150977,12569249405:12568652251
114994:437448,12569249405:12568650086
114994:431790,12569249405:12568649498
114994:211957,12569249405:12568652019
114994:483676,12569249405:x-12698118766
114994:482189,12569249405:x-12697546875
114994:489090,12569249405:x-12698119537
114994:480557,12569249405:x-12697547258
115366:239608,12569249360:12569248133
115366:175786,12569249360:12569248279
115366:225161,12569249360:12569248879
115366:153993,12569249360:12569249323
115366:398088,12569249360:12569247689
115366:286236,12569249360:12569248412
116583:368572,12578570962:12568650992
116583:500364,12578570962:z-12578537530
116583:155262,12578570962:12577987651
116583:128564,12578570962:12577987655
116583:205304,12578570962:12577987762
116583:507631,12578570962:z-12578534037
116583:424769,12578570962:12577987716
116583:503065,12578570962:z-12578537082
116583:501474,12578570962:z-12578537121
116583:138816,12578570962:12577990242
119723:270428,12578571191:12578570708
123013:154867,12568652695:12568652427
123013:170332,12568652695:12568652219
123013:343227,12568652695:12568651536
123013:219980,12568652695:12568652301
123013:290772,12568652695:12568651780
124678:489090,12569249273:x-12698119537
125672:305274,12568652784:12568651566
125672:329974,12568652784:12568651213
125672:398823,12568652784:12568650673
125672:209761,12568652784:12568652109
125672:208237,12568652784:12568651709
125672:234439,12568652784:12568650468
125672:375113,12568652784:12568650506
125672:219980,12568652784:12568652301
125672:327406,12568652784:12568651586
126131:389520,12569247408:12569247473
126131:274804,12569247408:12569248805
126131:401777,12569247408:12569247548
126131:167473,12569247408:12569248590
126131:414682,12569247408:12569247091
126131:296385,12569247408:12569248674
126131:398121,12569247408:12569247221
126131:136207,12569247408:12569249376
126131:171060,12569247408:12569249057
127659:353267,12569246999:12569247937
127659:139222,12569246999:12569249314
127659:398088,12569246999:12569247689
127659:142669,12569246999:12569288943
127659:218449,12569246999:12569288606
127659:326688,12569246999:12569248354
127659:230195,12569246999:12569288330
127659:384455,12569246999:12569287262
127659:295068,12569246999:12569287498
127659:162394,12569246999:12569248563
128526:200358,12578571003:12578028682
128564:507631,12577987655:z-12578534037
128564:138816,12577987655:12577990242
128564:500364,12577987655:z-12578537530
128564:167663,12577987655:12577990607
128564:503065,12577987655:z-12578537082
128564:501474,12577987655:z-12578537121
128564:506477,12577987655:z-12579123206
128564:210060,12577987655:12577989983
128564:501147,12577987655:z-12578537637
128564:505287,12577987655:z-12578536223
128564:503966,12577987655:z-12578534949
128564:507058,12577987655:z-12578534901
128564:505395,12577987655:z-12578534937
134512:376468,12568652337:12569247986
134512:142810,12568652337:12569249163
134512:212993,12568652337:12569248981
134512:151263,12568652337:12569249215
134512:345710,12568652337:12569247574
134512:230879,12568652337:12569247601
134512:187050,12568652337:12568652136
134512:343227,12568652337:12568651536
136207:226383,12569249376:12569248900
136207:507442,12569249376:z-12569804765
136207:506044,12569249376:z-12569804658
136207:296385,12569249376:12569248674
136207:506631,12569249376:z-12569806262
136207:167473,12569249376:12569248590
136207:505971,12569249376:z-12569807082
136207:502998,12569249376:z-12569808127
136207:274804,12569249376:12569248805
136207:230879,12569249376:12569247601
136207:345710,12569249376:12569247574
136207:389520,12569249376:12569247473
136207:171060,12569249376:12569249057
136207:401777,12569249376:12569247548
136207:398121,12569249376:12569247221
138816:167663,12577990242:12577990607
138816:424769,12577990242:12577987716
138816:155262,12577990242:12577987651
138816:205304,12577990242:12577987762
138816:500364,12577990242:z-12578537530
138816:507631,12577990242:z-12578534037
138816:503065,12577990242:z-12578537082
138816:501474,12577990242:z-12578537121
138816:506477,12577990242:z-12579123206
138816:210060,12577990242:12577989983
139026:209186,12568649538:12568652416
139026:299481,12568649538:12568651643
139026:482189,12568649538:x-12697546875
139026:260383,12568649538:12568651956
139026:211957,12568649538:12568652019
139026:480557,12568649538:x-12697547258
139026:437448,12568649538:12568650086
139026:483676,12568649538:x-12698118766
139026:350072,12568649538:12568650907
139026:150977,12568649538:12568652251
139026:348244,12568649538:12569248239
139026:351356,12568649538:12568651110
139026:153801,12568649538:12568652180
139222:326688,12569249314:12569248354
139222:346156,12569249314:12569248194
139222:410161,12569249314:12569247177
139222:353267,12569249314:12569247937
139222:434827,12569249314:12569246965
139222:398088,12569249314:12569247689
139222:142669,12569249314:12569288943
139222:239608,12569249314:12569248133
139261:202979,12568691209:12568690750
139261:401830,12568691209:12568689311
139261:442526,12568691209:12568688154
139261:233800,12568691209:12568688223
139261:278922,12568691209:12568690288
139261:493495,12568691209:y-12577449568
139261:485159,12568691209:x-12697581359
139261:480604,12568691209:x-12697582296
139261:291403,12568691209:12568690355
139261:414954,12568691209:12568688675
142216:200358,12578029367:12578028682
142216:379478,12578029367:12578027750
142669:434827,12569288943:12569246965
142810:212993,12569249163:12569248981
142810:376468,12569249163:12569247986
142810:151263,12569249163:12569249215
142810:345710,12569249163:12569247574
142810:230879,12569249163:12569247601
142810:348244,12569249163:12569248239
142810:150977,12569249163:12568652251
143038:357512,12568650750:12568650716
143038:369672,12568650750:12568651091
143038:325093,12568650750:12568650428
143038:252293,12568650750:12568651860
143038:421673,12568650750:12568650178
143038:381312,12568650750:12568650394
143038:323513,12568650750:12568650132
143038:261104,12568650750:12568651978
143038:265973,12568650750:12568651847
143038:482518,12568650750:x-12697546861
143038:314527,12568650750:12568651607
143038:169803,12568650750:12568652452
143038:220287,12568650750:12568652094
143038:279085,12568650750:12568651502
143038:480808,12568650750:x-12697544737
150673:251831,12568650838:12568651897
150673:279650,12568650838:12568651020
150673:301631,12568650838:12568651033
150673:222838,12568650838:12568652156
150673:351356,12568650838:12568651110
150673:211957,12568650838:12568652019
150673:238882,12568650838:12568651460
150673:480763,12568650838:x-12697546630
150673:482091,12568650838:x-12697546910
150673:350072,12568650838:12568650907
150977:260383,12568652251:12568651956
150977:197704,12568652251:12568649582
150977:206648,12568652251:12568649562
150977:348244,12568652251:12569248239
150977:211957,12568652251:12568652019
150977:431790,12568652251:12568649498
150977:299481,12568652251:12568651643
150977:209186,12568652251:12568652416
150977:437448,12568652251:12568650086
150977:279650,12568652251:12568651020
150977:301631,12568652251:12568651033
150977:238882,12568652251:12568651460
150977:350072,12568652251:12568650907
150977:251831,12568652251:12568651897
150977:482189,12568652251:x-12697546875
150977:376468,12568652251:12569247986
151263:212993,12569249215:12569248981
151263:376468,12569249215:12569247986
151263:225161,12569249215:12569248879
151263:230879,12569249215:12569247601
151263:345710,12569249215:12569247574
151263:414682,12569249215:12569247091
151263:175786,12569249215:12569248279
151263:171060,12569249215:12569249057
153801:350072,12568652180:12568650907
153801:351356,12568652180:12568651110
153801:251831,12568652180:12568651897
153801:222838,12568652180:12568652156
153801:279650,12568652180:12568651020
153801:437448,12568652180:12568650086
153801:301631,12568652180:12568651033
153801:238882,12568652180:12568651460
153801:299481,12568652180:12568651643
153801:431790,12568652180:12568649498
153801:206648,12568652180:12568649562
153801:211957,12568652180:12568652019
153801:482189,12568652180:x-12697546875
153801:203091,12568652180:12568651822
153801:260383,12568652180:12568651956
153801:197704,12568652180:12568649582
153993:286236,12569249323:12569248412
153993:398088,12569249323:12569247689
153993:381565,12569249323:12569247323
153993:296048,12569249323:12569248529
153993:239608,12569249323:12569248133
153993:162394,12569249323:12569248563
153993:353267,12569249323:12569247937
153993:384455,12569249323:12569287262
153993:303889,12569249323:12569248457
153993:175786,12569249323:12569248279
153993:187050,12569249323:12568652136
154867:170332,12568652427:12568652219
154867:343227,12568652427:12568651536
154867:219980,12568652427:12568652301
154867:249875,12568652427:12568652049
154867:290772,12568652427:12568651780
154988:335778,12578570694:12578569690
154988:279259,12578570694:12578569661
155262:205304,12577987651:12577987762
155262:507631,12577987651:z-12578534037
155262:500364,12577987651:z-12578537530
155262:503065,12577987651:z-12578537082
155262:501474,12577987651:z-12578537121
155262:167663,12577987651:12577990607
155262:506477,12577987651:z-12579123206
155262:210060,12577987651:12577989983
155262:501147,12577987651:z-12578537637
155262:505287,12577987651:z-12578536223
155262:503966,12577987651:z-12578534949
155262:507058,12577987651:z-12578534901
155262:505395,12577987651:z-12578534937
159299:481354,12569288726:x-12698159163
159299:238538,12569288726:12569288303
159299:485845,12569288726:x-12698117838
162394:384455,12569248563:12569287262
162394:296048,12569248563:12569248529
162394:360031,12569248563:12568649884
162394:398088,12569248563:12569247689
162394:353267,12569248563:12569247937
162394:273619,12569248563:12568651746
162394:194338,12569248563:12568649901
162394:345615,12569248563:12568649929
162394:389691,12569248563:12568649848
162394:434827,12569248563:12569246965
162394:259155,12569248563:12569287985
162394:366148,12569248563:12568689506
162394:230680,12569248563:12568690973
162394:286236,12569248563:12569248412
163653:227705,12578568878:12578570405
163653:230195,12578568878:12569288330
167473:296385,12569248590:12569248674
167473:274804,12569248590:12569248805
167473:389520,12569248590:12569247473
167473:401777,12569248590:12569247548
167473:414682,12569248590:12569247091
167663:424769,12577990607:12577987716
167663:205304,12577990607:12577987762
167663:507631,12577990607:z-12578534037
167663:500364,12577990607:z-12578537530
167663:210060,12577990607:12577989983
167663:503065,12577990607:z-12578537082
167663:501474,12577990607:z-12578537121
167663:506477,12577990607:z-12579123206
168745:191284,12568651991:12568652354
168745:317539,12568651991:12568651659
168745:289557,12568651991:12568651341
168745:402934,12568651991:12568650530
168745:171091,12568651991:12568652632
168745:494928,12568651991:y-12577409159
168745:279085,12568651991:12568651502
168745:490247,12568651991:y-12577410243
168745:369672,12568651991:12568651091
168745:338118,12568651991:12568688816
168745:366749,12568651991:12568688852
168745:494270,12568651991:y-12577409105
168745:279915,12568651991:12568651802
168745:497506,12568651991:y-12577407829
168745:490364,12568651991:y-12577407659
168745:497075,12568651991:y-12577407636
168745:341864,12568651991:12568689581
168745:492141,12568651991:y-12577407701
169803:265973,12568652452:12568651847
169803:323513,12568652452:12568650132
169803:314527,12568652452:12568651607
169803:421673,12568652452:12568650178
169803:333997,12568652452:12568651291
169803:220287,12568652452:12568652094
169803:261104,12568652452:12568651978
169803:357512,12568652452:12568650716
169803:280324,12568652452:12568651686
170332:343227,12568652219:12568651536
170332:375113,12568652219:12568650506
170332:219980,12568652219:12568652301
170332:234439,12568652219:12568650468
170332:293114,12568652219:12568651423
170332:238882,12568652219:12568651460
171060:230879,12569249057:12569247601
171060:345710,12569249057:12569247574
171060:398121,12569249057:12569247221
171060:414682,12569249057:12569247091
171060:249875,12569249057:12568652049
171060:401777,12569249057:12569247548
171060:389520,12569249057:12569247473
171060:368572,12569249057:12568650992
171060:226383,12569249057:12569248900
171060:507442,12569249057:z-12569804765
171091:191284,12568652632:12568652354
171091:279085,12568652632:12568651502
171091:494928,12568652632:y-12577409159
171091:490364,12568652632:y-12577407659
171091:497075,12568652632:y-12577407636
171091:490247,12568652632:y-12577410243
171091:492141,12568652632:y-12577407701
171091:289557,12568652632:12568651341
171091:369672,12568652632:12568651091
171091:279915,12568652632:12568651802
171091:317539,12568652632:12568651659
171091:189224,12568652632:12568652174
171091:338118,12568652632:12568688816
171091:366749,12568652632:12568688852
171091:492542,12568652632:y-12577409762
171091:496407,12568652632:y-12577408586
171091:497506,12568652632:y-12577407829
171091:492091,12568652632:y-12577409984
171091:494270,12568652632:y-12577409105
171091:489742,12568652632:y-12577410159
171091:494311,12568652632:y-12577409420
171091:220287,12568652632:12568652094
173589:500531,12569249100:z-12569213125
173589:437448,12569249100:12568650086
173589:504926,12569249100:z-12569212338
173589:299481,12569249100:12568651643
173589:505826,12569249100:z-12569807105
173589:499440,12569249100:z-12569213214
175786:303889,12569248279:12569248457
175786:225161,12569248279:12569248879
175786:239608,12569248279:12569248133
179349:259155,12569288867:12569287985
179349:230680,12569288867:12568690973
179349:296048,12569288867:12569248529
179349:238538,12569288867:12569288303
179349:384455,12569288867:12569287262
186431:227705,12578570903:12578570405
187050:428783,12568652136:12568650313
187238:493382,12577990403:y-12577409392
189224:492273,12568652174:y-12577409898
189224:492091,12568652174:y-12577409984
189224:492396,12568652174:y-12577409912
189224:279085,12568652174:12568651502
189224:402934,12568652174:12568650530
189224:489742,12568652174:y-12577410159
189224:220287,12568652174:12568652094
189224:492645,12568652174:y-12577409797
189224:497075,12568652174:y-12577407636
189224:492141,12568652174:y-12577407701
189224:494311,12568652174:y-12577409420
189224:496407,12568652174:y-12577408586
189224:490364,12568652174:y-12577407659
189224:492542,12568652174:y-12577409762
191284:402934,12568652354:12568650530
191284:279085,12568652354:12568651502
191284:494928,12568652354:y-12577409159
191284:490247,12568652354:y-12577410243
191284:289557,12568652354:12568651341
191284:317539,12568652354:12568651659
191284:338118,12568652354:12568688816
191284:366749,12568652354:12568688852
191284:369672,12568652354:12568651091
191284:279915,12568652354:12568651802
191284:490364,12568652354:y-12577407659
191284:497075,12568652354:y-12577407636
191284:494270,12568652354:y-12577409105
191284:497506,12568652354:y-12577407829
191284:492141,12568652354:y-12577407701
194338:366148,12568649901:12568689506
194338:372537,12568649901:12568651183
194338:273619,12568649901:12568651746
194338:384455,12568649901:12569287262
194338:215823,12568649901:12568690988
196294:243111,12577990283:12577989252
196294:230736,12577990283:12577989258
196294:208237,12577990283:12568651709
196294:251061,12577990283:12568651910
196294:398823,12577990283:12568650673
197704:431790,12568649582:12568649498
197704:209186,12568649582:12568652416
197704:260383,12568649582:12568651956
197704:299481,12568649582:12568651643
197704:211957,12568649582:12568652019
197704:482189,12568649582:x-12697546875
197704:348244,12568649582:12569248239
197704:437448,12568649582:12568650086
197704:480557,12568649582:x-12697547258
197704:483676,12568649582:x-12698118766
197704:350072,12568649582:12568650907
197704:351356,12568649582:12568651110
200358:379478,12578028682:12578027750
200358:328197,12578028682:12577989373
202979:278922,12568690750:12568690288
202979:401830,12568690750:12568689311
202979:442526,12568690750:12568688154
202979:233800,12568690750:12568688223
202979:480604,12568690750:x-12697582296
202979:485159,12568690750:x-12697581359
202979:493495,12568690750:y-12577449568
202979:291403,12568690750:12568690355
203091:480376,12568651822:x-12697547382
203091:485199,12568651822:x-12697546303
203091:487960,12568651822:x-12697545536
203091:351356,12568651822:12568651110
203091:482347,12568651822:x-12697546829
203091:350072,12568651822:12568650907
205304:507631,12577987762:z-12578534037
205304:500364,12577987762:z-12578537530
205304:501474,12577987762:z-12578537121
205304:503065,12577987762:z-12578537082
205304:506477,12577987762:z-12579123206
205304:210060,12577987762:12577989983
205304:501147,12577987762:z-12578537637
205304:505287,12577987762:z-12578536223
205304:503966,12577987762:z-12578534949
205304:505395,12577987762:z-12578534937
205304:507058,12577987762:z-12578534901
206648:431790,12568649562:12568649498
206648:299481,12568649562:12568651643
206648:260383,12568649562:12568651956
206648:209186,12568649562:12568652416
206648:211957,12568649562:12568652019
206648:482189,12568649562:x-12697546875
206648:437448,12568649562:12568650086
206648:480557,12568649562:x-12697547258
206648:350072,12568649562:12568650907
206648:348244,12568649562:12569248239
206648:483676,12568649562:x-12698118766
206648:351356,12568649562:12568651110
206648:279650,12568649562:12568651020
206648:251831,12568649562:12568651897
206648:301631,12568649562:12568651033
208237:230736,12568651709:12577989258
208237:243111,12568651709:12577989252
208237:398823,12568651709:12568650673
208237:329974,12568651709:12568651213
208237:209761,12568651709:12568652109
208237:251061,12568651709:12568651910
208237:305274,12568651709:12568651566
209186:431790,12568652416:12568649498
209186:483676,12568652416:x-12698118766
209186:299481,12568652416:12568651643
209186:260383,12568652416:12568651956
209186:482189,12568652416:x-12697546875
209186:480557,12568652416:x-12697547258
209186:348244,12568652416:12569248239
209186:211957,12568652416:12568652019
209186:437448,12568652416:12568650086
209186:350072,12568652416:12568650907
209761:329974,12568652109:12568651213
209761:398823,12568652109:12568650673
209761:234439,12568652109:12568650468
209761:375113,12568652109:12568650506
209761:305274,12568652109:12568651566
209761:251061,12568652109:12568651910
209761:230736,12568652109:12577989258
209761:243111,12568652109:12577989252
209761:219980,12568652109:12568652301
209761:293114,12568652109:12568651423
210060:506477,12577989983:z-12579123206
210060:507631,12577989983:z-12578534037
210060:424769,12577989983:12577987716
210060:501147,12577989983:z-12578537637
210060:501474,12577989983:z-12578537121
210060:505287,12577989983:z-12578536223
210060:503065,12577989983:z-12578537082
210060:503966,12577989983:z-12578534949
210060:500364,12577989983:z-12578537530
210060:505395,12577989983:z-12578534937
211605:227705,12578568881:12578570405
211605:230195,12578568881:12569288330
211957:431790,12568652019:12568649498
211957:482189,12568652019:x-12697546875
211957:260383,12568652019:12568651956
211957:351356,12568652019:12568651110
211957:350072,12568652019:12568650907
211957:480557,12568652019:x-12697547258
211957:299481,12568652019:12568651643
211957:360404,12568652019:12568650816
211957:251831,12568652019:12568651897
211957:279650,12568652019:12568651020
211957:483676,12568652019:x-12698118766
211957:301631,12568652019:12568651033
211957:437448,12568652019:12568650086
211957:238882,12568652019:12568651460
211957:222838,12568652019:12568652156
211957:348244,12568652019:12569248239
212993:376468,12569248981:12569247986
212993:345710,12569248981:12569247574
212993:230879,12569248981:12569247601
212993:348244,12569248981:12569248239
212993:225161,12569248981:12569248879
215076:349010,12568690758:12568689951
215076:264958,12568690758:12568651939
215076:292471,12568690758:12568690321
215823:218449,12568690988:12569288606
215823:345615,12568690988:12568649929
215823:295068,12568690988:12569287498
218449:295068,12569288606:12569287498
218449:434827,12569288606:12569246965
218449:273619,12569288606:12568651746
219980:290772,12568652301:12568651780
219980:234439,12568652301:12568650468
219980:375113,12568652301:12568650506
219980:305274,12568652301:12568651566
219980:343227,12568652301:12568651536
219980:329974,12568652301:12568651213
220287:314527,12568652094:12568651607
220287:333997,12568652094:12568651291
220287:280324,12568652094:12568651686
220287:279085,12568652094:12568651502
220287:402934,12568652094:12568650530
220287:369672,12568652094:12568651091
220287:323513,12568652094:12568650132
220287:265973,12568652094:12568651847
220287:494311,12568652094:y-12577409420
222838:251831,12568652156:12568651897
222838:279650,12568652156:12568651020
222838:301631,12568652156:12568651033
222838:238882,12568652156:12568651460
222838:351356,12568652156:12568651110
222838:360404,12568652156:12568650816
222838:350072,12568652156:12568650907
225161:303889,12569248879:12569248457
225161:414682,12569248879:12569247091
225161:239608,12569248879:12569248133
225161:389520,12569248879:12569247473
226383:507442,12569248900:z-12569804765
226383:506044,12569248900:z-12569804658
226383:506631,12569248900:z-12569806262
226383:505971,12569248900:z-12569807082
226383:230879,12569248900:12569247601
226383:502998,12569248900:z-12569808127
226383:345710,12569248900:12569247574
226383:296385,12569248900:12569248674
226383:398121,12569248900:12569247221
226383:274804,12569248900:12569248805
226383:249875,12569248900:12568652049
227705:345905,12578570405:12578568893
230195:434827,12569288330:12569246965
230680:263200,12568690973:12568690632
230680:259155,12568690973:12569287985
230680:296048,12568690973:12569248529
230680:384455,12568690973:12569287262
230680:366148,12568690973:12568689506
230680:408840,12568690973:12569286880
230736:398823,12577989258:12568650673
230736:329974,12577989258:12568651213
230736:251061,12577989258:12568651910
230879:249875,12569247601:12568652049
230879:387831,12569247601:12568650946
230879:507442,12569247601:z-12569804765
230879:398121,12569247601:12569247221
230879:376468,12569247601:12569247986
230879:506631,12569247601:z-12569806262
230879:414682,12569247601:12569247091
230879:506044,12569247601:z-12569804658
230995:332944,12577988603:12577988664
230995:336765,12577988603:12577989558
230995:328197,12577988603:12577989373
233800:278922,12568688223:12568690288
233800:291403,12568688223:12568690355
233800:483958,12568688223:x-12697582072
233800:480604,12568688223:x-12697582296
233800:401830,12568688223:12568689311
233800:292471,12568688223:12568690321
233800:485159,12568688223:x-12697581359
233800:487104,12568688223:x-12697581074
233800:483964,12568688223:x-12697582104
233800:481338,12568688223:x-12697582586
233800:414954,12568688223:12568688675
233800:486332,12568688223:x-12697581493
233800:349010,12568688223:12568689951
234439:293114,12568650468:12568651423
234439:305274,12568650468:12568651566
234439:343227,12568650468:12568651536
234439:329974,12568650468:12568651213
234439:398823,12568650468:12568650673
238538:485845,12569288303:x-12698117838
238538:408840,12569288303:12569286880
238538:481354,12569288303:x-12698159163
238882:279650,12568651460:12568651020
238882:251831,12568651460:12568651897
238882:360404,12568651460:12568650816
238882:351356,12568651460:12568651110
238882:350072,12568651460:12568650907
239608:303889,12569248133:12569248457
239608:398088,12569248133:12569247689
239608:286236,12569248133:12569248412
239608:353267,12569248133:12569247937
239608:381565,12569248133:12569247323
243111:398823,12577989252:12568650673
243111:329974,12577989252:12568651213
249875:387831,12568652049:12568650946
249875:345710,12568652049:12569247574
249875:506631,12568652049:z-12569806262
249875:507442,12568652049:z-12569804765
249875:499440,12568652049:z-12569213214
251061:398823,12568651910:12568650673
251831:279650,12568651897:12568651020
251831:301631,12568651897:12568651033
251831:360404,12568651897:12568650816
251831:351356,12568651897:12568651110
251831:350072,12568651897:12568650907
251831:431790,12568651897:12568649498
252293:482518,12568651860:x-12697546861
252293:261104,12568651860:12568651978
252293:325093,12568651860:12568650428
252293:381312,12568651860:12568650394
252293:357512,12568651860:12568650716
252293:421673,12568651860:12568650178
252293:480808,12568651860:x-12697544737
252293:323513,12568651860:12568650132
252293:489343,12568651860:x-12697544726
252293:485704,12568651860:x-12697543485
252293:482577,12568651860:x-12697546886
252293:483399,12568651860:x-12697543433
252293:486581,12568651860:x-12697543529
252293:265973,12568651860:12568651847
252293:487103,12568651860:x-12697544498
252293:487302,12568651860:x-12697544467
252293:489395,12568651860:x-12697542462
252293:484112,12568651860:x-12697582273
252293:484000,12568651860:x-12697542382
252293:484071,12568651860:x-12697546759
252293:369672,12568651860:12568651091
252293:487515,12568651860:x-12697580892
259155:366148,12569287985:12568689506
259155:263200,12569287985:12568690632
259155:384455,12569287985:12569287262
259155:408840,12569287985:12569286880
259155:296048,12569287985:12569248529
260383:348244,12568651956:12569248239
260383:299481,12568651956:12568651643
260383:431790,12568651956:12568649498
260383:437448,12568651956:12568650086
260383:482189,12568651956:x-12697546875
260383:350072,12568651956:12568650907
260383:480557,12568651956:x-12697547258
260383:483676,12568651956:x-12698118766
260383:351356,12568651956:12568651110
260383:279650,12568651956:12568651020
260383:301631,12568651956:12568651033
261104:482518,12568651978:x-12697546861
261104:421673,12568651978:12568650178
261104:381312,12568651978:12568650394
261104:325093,12568651978:12568650428
261104:357512,12568651978:12568650716
261104:482577,12568651978:x-12697546886
261104:323513,12568651978:12568650132
261104:265973,12568651978:12568651847
261104:485704,12568651978:x-12697543485
261104:483399,12568651978:x-12697543433
261104:480808,12568651978:x-12697544737
261104:486581,12568651978:x-12697543529
261104:489343,12568651978:x-12697544726
261104:487103,12568651978:x-12697544498
261104:489395,12568651978:x-12697542462
261104:484071,12568651978:x-12697546759
261104:487302,12568651978:x-12697544467
261104:484814,12568651978:x-12697546016
261104:484000,12568651978:x-12697542382
261104:486900,12568651978:x-12697544331
263200:366148,12568690632:12568689506
263200:296048,12568690632:12569248529
265973:323513,12568651847:12568650132
265973:421673,12568651847:12568650178
265973:357512,12568651847:12568650716
265973:325093,12568651847:12568650428
265973:381312,12568651847:12568650394
265973:314527,12568651847:12568651607
265973:482518,12568651847:x-12697546861
265973:482577,12568651847:x-12697546886
265973:369672,12568651847:12568651091
265973:333997,12568651847:12568651291
265973:483399,12568651847:x-12697543433
273619:410451,12568651746:12568649613
273619:426980,12568651746:12568649757
273619:360031,12568651746:12568649884
273619:345615,12568651746:12568649929
273619:389691,12568651746:12568649848
273619:384455,12568651746:12569287262
273619:295068,12568651746:12569287498
274804:401777,12569248805:12569247548
274804:389520,12569248805:12569247473
274804:296385,12569248805:12569248674
274804:398121,12569248805:12569247221
274804:414682,12569248805:12569247091
274804:502998,12569248805:z-12569808127
278922:442526,12568690288:12568688154
278922:480604,12568690288:x-12697582296
278922:291403,12568690288:12568690355
278922:483958,12568690288:x-12697582072
278922:401830,12568690288:12568689311
278922:485159,12568690288:x-12697581359
278922:487104,12568690288:x-12697581074
278922:292471,12568690288:12568690321
278922:483964,12568690288:x-12697582104
278922:481338,12568690288:x-12697582586
278922:486332,12568690288:x-12697581493
278922:481205,12568690288:x-12697582750
278922:481135,12568690288:x-12697582698
279085:402934,12568651502:12568650530
279085:369672,12568651502:12568651091
279085:494928,12568651502:y-12577409159
279085:494311,12568651502:y-12577409420
279085:317539,12568651502:12568651659
279085:490247,12568651502:y-12577410243
279085:289557,12568651502:12568651341
279085:490364,12568651502:y-12577407659
279085:497075,12568651502:y-12577407636
279085:496407,12568651502:y-12577408586
279085:492141,12568651502:y-12577407701
279085:338118,12568651502:12568688816
279085:366749,12568651502:12568688852
279085:279915,12568651502:12568651802
279085:314527,12568651502:12568651607
279259:338986,12578569661:12578570142
279259:289732,12578569661:12578570388
279650:360404,12568651020:12568650816
279650:351356,12568651020:12568651110
279650:350072,12568651020:12568650907
279650:431790,12568651020:12568649498
279915:366749,12568651802:12568688852
279915:338118,12568651802:12568688816
279915:490364,12568651802:y-12577407659
279915:496217,12568651802:y-12577408746
279915:497075,12568651802:y-12577407636
279915:492141,12568651802:y-12577407701
279915:494928,12568651802:y-12577409159
279915:289557,12568651802:12568651341
279915:489542,12568651802:y-12577447908
279915:496582,12568651802:y-12577447944
279915:490247,12568651802:y-12577410243
279915:317539,12568651802:12568651659
279915:494270,12568651802:y-12577409105
279915:497506,12568651802:y-12577407829
279915:402934,12568651802:12568650530
279915:490808,12568651802:y-12577450199
279915:493407,12568651802:y-12577409347
279915:341864,12568651802:12568689581
280324:333997,12568651686:12568651291
280324:321281,12568651686:12568651385
280324:314527,12568651686:12568651607
280324:293114,12568651686:12568651423
286236:381565,12569248412:12569247323
286236:398088,12569248412:12569247689
286236:296048,12569248412:12569248529
286236:410161,12569248412:12569247177
286236:353267,12569248412:12569247937
286236:346156,12569248412:12569248194
286236:384455,12569248412:12569287262
286236:303889,12569248412:12569248457
286236:326688,12569248412:12569248354
289557:338118,12568651341:12568688816
289557:366749,12568651341:12568688852
289557:494928,12568651341:y-12577409159
289557:494270,12568651341:y-12577409105
289557:341864,12568651341:12568689581
289557:490247,12568651341:y-12577410243
289557:414954,12568651341:12568688675
289557:497506,12568651341:y-12577407829
289557:402934,12568651341:12568650530
289557:369672,12568651341:12568651091
289557:490364,12568651341:y-12577407659
289732:335778,12578570388:12578569690
290772:504643,12568651780:z-12569212381
290772:499902,12568651780:z-12569213605
290772:327406,12568651780:12568651586
290772:502302,12568651780:z-12569213108
291403:483958,12568690355:x-12697582072
291403:292471,12568690355:12568690321
291403:442526,12568690355:12568688154
291403:483964,12568690355:x-12697582104
291403:481338,12568690355:x-12697582586
291403:480604,12568690355:x-12697582296
291403:349010,12568690355:12568689951
291403:487104,12568690355:x-12697581074
291403:484016,12568690355:x-12697582088
291403:401830,12568690355:12568689311
291403:486332,12568690355:x-12697581493
291403:485159,12568690355:x-12697581359
291403:481205,12568690355:x-12697582750
292471:483964,12568690321:x-12697582104
292471:483958,12568690321:x-12697582072
292471:481338,12568690321:x-12697582586
292471:349010,12568690321:12568689951
292471:484016,12568690321:x-12697582088
292471:442526,12568690321:12568688154
292471:480604,12568690321:x-12697582296
292471:484236,12568690321:x-12697579168
292471:487104,12568690321:x-12697581074
292471:486332,12568690321:x-12697581493
292471:489071,12568690321:x-12697579147
292471:481205,12568690321:x-12697582750
292471:486043,12568690321:x-12697581509
292790:347248,12577989594:12577989220
292790:493672,12577989594:y-12586753775
292790:493247,12577989594:y-12586753745
292790:496243,12577989594:y-12586753026
292790:493899,12577989594:y-12586753625
292790:498173,12577989594:y-12586751535
292790:489943,12577989594:y-12586754331
292790:490657,12577989594:y-12586754312
292790:490943,12577989594:y-12586753319
293114:321281,12568651423:12568651385
293114:375113,12568651423:12568650506
293114:343227,12568651423:12568651536
295068:434827,12569287498:12569246965
296048:384455,12569248529:12569287262
296048:381565,12569248529:12569247323
296048:398088,12569248529:12569247689
296048:353267,12569248529:12569247937
296048:408840,12569248529:12569286880
296385:401777,12569248674:12569247548
296385:502998,12569248674:z-12569808127
296385:389520,12569248674:12569247473
296385:507442,12569248674:z-12569804765
296385:398121,12569248674:12569247221
296385:506044,12569248674:z-12569804658
299481:437448,12568651643:12568650086
299481:431790,12568651643:12568649498
299481:482189,12568651643:x-12697546875
299481:350072,12568651643:12568650907
299481:480557,12568651643:x-12697547258
299481:348244,12568651643:12569248239
299481:483676,12568651643:x-12698118766
299481:351356,12568651643:12568651110
301631:360404,12568651033:12568650816
301631:351356,12568651033:12568651110
301631:350072,12568651033:12568650907
301631:431790,12568651033:12568649498
305274:329974,12568651566:12568651213
305274:398823,12568651566:12568650673
305274:375113,12568651566:12568650506
305274:343227,12568651566:12568651536
314527:333997,12568651607:12568651291
314527:323513,12568651607:12568650132
314527:357512,12568651607:12568650716
314527:421673,12568651607:12568650178
314527:369672,12568651607:12568651091
317539:338118,12568651659:12568688816
317539:366749,12568651659:12568688852
317539:494928,12568651659:y-12577409159
317539:341864,12568651659:12568689581
317539:494270,12568651659:y-12577409105
317539:490247,12568651659:y-12577410243
317539:414954,12568651659:12568688675
317539:369672,12568651659:12568651091
317539:402934,12568651659:12568650530
317539:497506,12568651659:y-12577407829
321281:333997,12568651385:12568651291
323513:357512,12568650132:12568650716
323513:325093,12568650132:12568650428
323513:381312,12568650132:12568650394
323513:482518,12568650132:x-12697546861
323513:369672,12568650132:12568651091
323513:494311,12568650132:y-12577409420
323513:482577,12568650132:x-12697546886
325093:482518,12568650428:x-12697546861
325093:357512,12568650428:12568650716
325093:421673,12568650428:12568650178
325093:480808,12568650428:x-12697544737
325093:369672,12568650428:12568651091
325093:489343,12568650428:x-12697544726
325093:487302,12568650428:x-12697544467
325093:485704,12568650428:x-12697543485
325093:482577,12568650428:x-12697546886
325093:487103,12568650428:x-12697544498
325093:483399,12568650428:x-12697543433
325093:495939,12568650428:y-12577408846
325093:486581,12568650428:x-12697543529
325093:484112,12568650428:x-12697582273
325093:487515,12568650428:x-12697580892
325093:489395,12568650428:x-12697542462
326688:346156,12569248354:12569248194
326688:410161,12569248354:12569247177
326688:353267,12569248354:12569247937
326688:398088,12569248354:12569247689
326688:434827,12569248354:12569246965
327406:398823,12568651586:12568650673
327406:329974,12568651586:12568651213
327406:502302,12568651586:z-12569213108
328197:379478,12577989373:12578027750
328197:336765,12577989373:12577989558
328197:332944,12577989373:12577988664
329974:375113,12568651213:12568650506
332944:336765,12577988664:12577989558
335778:338986,12578569690:12578570142
338118:341864,12568688816:12568689581
338118:494928,12568688816:y-12577409159
338118:494270,12568688816:y-12577409105
338118:490247,12568688816:y-12577410243
338118:414954,12568688816:12568688675
338118:497506,12568688816:y-12577407829
338118:402934,12568688816:12568650530
338118:490364,12568688816:y-12577407659
338118:497075,12568688816:y-12577407636
338118:496217,12568688816:y-12577408746
338986:426980,12578570142:12568649757
338986:410451,12578570142:12568649613
341864:414954,12568689581:12568688675
341864:366749,12568689581:12568688852
343227:375113,12568651536:12568650506
345615:372537,12568649929:12568651183
345615:366148,12568649929:12568689506
345615:384455,12568649929:12569287262
345710:387831,12569247574:12568650946
345710:376468,12569247574:12569247986
345710:507442,12569247574:z-12569804765
345710:506631,12569247574:z-12569806262
345710:398121,12569247574:12569247221
345710:506044,12569247574:z-12569804658
345710:414682,12569247574:12569247091
346156:353267,12569248194:12569247937
346156:398088,12569248194:12569247689
347248:497622,12577989220:y-12586751997
347248:493247,12577989220:y-12586753745
347248:493899,12577989220:y-12586753625
347248:493672,12577989220:y-12586753775
347248:496243,12577989220:y-12586753026
347248:498173,12577989220:y-12586751535
348244:437448,12569248239:12568650086
348244:431790,12569248239:12568649498
349010:483964,12568689951:x-12697582104
349010:484016,12568689951:x-12697582088
349010:484236,12568689951:x-12697579168
349010:483958,12568689951:x-12697582072
349010:489071,12568689951:x-12697579147
349010:481338,12568689951:x-12697582586
350072:351356,12568650907:12568651110
350072:431790,12568650907:12568649498
350072:437448,12568650907:12568650086
350072:482189,12568650907:x-12697546875
350072:480557,12568650907:x-12697547258
350072:360404,12568650907:12568650816
350727:492645,12568651257:y-12577409797
351356:431790,12568651110:12568649498
351356:360404,12568651110:12568650816
351356:482189,12568651110:x-12697546875
351356:480557,12568651110:x-12697547258
351356:437448,12568651110:12568650086
351356:480376,12568651110:x-12697547382
353267:398088,12569247937:12569247689
353267:434827,12569247937:12569246965
353267:384455,12569247937:12569287262
353267:410161,12569247937:12569247177
357512:421673,12568650716:12568650178
357512:381312,12568650716:12568650394
357512:482518,12568650716:x-12697546861
357512:369672,12568650716:12568651091
357512:480808,12568650716:x-12697544737
357512:482577,12568650716:x-12697546886
357512:485704,12568650716:x-12697543485
357512:489343,12568650716:x-12697544726
357512:483399,12568650716:x-12697543433
357512:486581,12568650716:x-12697543529
357512:484112,12568650716:x-12697582273
360031:389691,12568649884:12568649848
360031:372537,12568649884:12568651183
360031:366148,12568649884:12568689506
360031:384455,12568649884:12569287262
360404:480763,12568650816:x-12697546630
360404:482091,12568650816:x-12697546910
360404:431790,12568650816:12568649498
366148:389691,12568689506:12568649848
366148:384455,12568689506:12569287262
366749:494928,12568688852:y-12577409159
366749:494270,12568688852:y-12577409105
366749:490247,12568688852:y-12577410243
366749:497506,12568688852:y-12577407829
366749:414954,12568688852:12568688675
366749:490364,12568688852:y-12577407659
366749:402934,12568688852:12568650530
366749:497075,12568688852:y-12577407636
366749:496217,12568688852:y-12577408746
366749:496582,12568688852:y-12577447944
366749:492141,12568688852:y-12577407701
366749:490808,12568688852:y-12577450199
366749:489542,12568688852:y-12577447908
368572:398121,12568650992:12569247221
368572:401777,12568650992:12569247548
369672:402934,12568651091:12568650530
369672:381312,12568651091:12568650394
369672:421673,12568651091:12568650178
369672:494311,12568651091:y-12577409420
369672:494928,12568651091:y-12577409159
369672:490247,12568651091:y-12577410243
369672:482518,12568651091:x-12697546861
372537:389691,12568651183:12568649848
375113:398823,12568650506:12568650673
381312:482518,12568650394:x-12697546861
381312:421673,12568650394:12568650178
381312:480808,12568650394:x-12697544737
381312:489343,12568650394:x-12697544726
381312:487302,12568650394:x-12697544467
381312:485704,12568650394:x-12697543485
381312:482577,12568650394:x-12697546886
381312:487103,12568650394:x-12697544498
381312:483399,12568650394:x-12697543433
381312:495939,12568650394:y-12577408846
381312:486581,12568650394:x-12697543529
381312:487515,12568650394:x-12697580892
381312:489395,12568650394:x-12697542462
381312:484112,12568650394:x-12697582273
381312:484071,12568650394:x-12697546759
381312:484000,12568650394:x-12697542382
381565:398088,12569247323:12569247689
384455:398088,12569287262:12569247689
384455:434827,12569287262:12569246965
384455:389691,12569287262:12568649848
387831:499440,12568650946:z-12569213214
387831:500531,12568650946:z-12569213125
387831:504926,12568650946:z-12569212338
387831:506631,12568650946:z-12569806262
387831:507442,12568650946:z-12569804765
387831:499563,12568650946:z-12569213660
387831:506044,12568650946:z-12569804658
389520:401777,12569247473:12569247548
389520:414682,12569247473:12569247091
389520:398121,12569247473:12569247221
398088:434827,12569247689:12569246965
398088:410161,12569247689:12569247177
398121:401777,12569247221:12569247548
398121:414682,12569247221:12569247091
398121:502998,12569247221:z-12569808127
398121:507442,12569247221:z-12569804765
401777:414682,12569247548:12569247091
401830:485159,12568689311:x-12697581359
401830:442526,12568689311:12568688154
401830:487213,12568689311:x-12697580964
401830:487104,12568689311:x-12697581074
401830:480604,12568689311:x-12697582296
401830:483958,12568689311:x-12697582072
401830:493495,12568689311:y-12577449568
401830:484112,12568689311:x-12697582273
402934:494928,12568650530:y-12577409159
402934:490247,12568650530:y-12577410243
402934:490364,12568650530:y-12577407659
402934:497075,12568650530:y-12577407636
402934:492141,12568650530:y-12577407701
402934:494311,12568650530:y-12577409420
402934:496407,12568650530:y-12577408586
402934:492542,12568650530:y-12577409762
402934:492091,12568650530:y-12577409984
402934:497506,12568650530:y-12577407829
402934:494270,12568650530:y-12577409105
402934:489742,12568650530:y-12577410159
410451:428783,12568649613:12568650313
414954:442526,12568688675:12568688154
421673:482518,12568650178:x-12697546861
421673:482577,12568650178:x-12697546886
421673:480808,12568650178:x-12697544737
421673:483399,12568650178:x-12697543433
421673:494311,12568650178:y-12577409420
421673:485704,12568650178:x-12697543485
424769:507631,12577987716:z-12578534037
424769:500364,12577987716:z-12578537530
424769:501474,12577987716:z-12578537121
424769:503065,12577987716:z-12578537082
424769:506477,12577987716:z-12579123206
424769:501147,12577987716:z-12578537637
424769:505287,12577987716:z-12578536223
424769:503966,12577987716:z-12578534949
424769:507058,12577987716:z-12578534901
424769:505395,12577987716:z-12578534937
431790:482189,12568649498:x-12697546875
431790:480557,12568649498:x-12697547258
431790:437448,12568649498:12568650086
431790:483676,12568649498:x-12698118766
437448:482189,12568650086:x-12697546875
437448:480557,12568650086:x-12697547258
437448:500531,12568650086:z-12569213125
442526:483958,12568688154:x-12697582072
442526:480604,12568688154:x-12697582296
442526:485159,12568688154:x-12697581359
442526:487104,12568688154:x-12697581074
442526:483964,12568688154:x-12697582104
442526:481338,12568688154:x-12697582586
442526:486332,12568688154:x-12697581493
442526:487213,12568688154:x-12697580964
442526:481205,12568688154:x-12697582750
