x_0,x_1
55.4978,58.6791
55.4978,50.5409
55.4978,60.3764
55.4978,49.1602
55.4978,61.4492
55.4978,51.0989
55.4978,48.4585
55.4978,58.9097
55.4978,42.7197
55.4978,42.543
55.4978,63.8361
55.4978,75.1517
2.27346,13.5772
9.27539,6.34549
9.27539,19.5288
9.27539,22.0749
9.27539,9.4338
39.6522,41.7885
39.6522,46.9998
39.6522,39.073
39.6522,31.0202
39.6522,47.704
39.6522,37.3428
39.6522,41.401
39.6522,49.0287
39.6522,48.9799
39.6522,38.5799
39.6522,40.0238
39.6522,54.5758
39.6522,44.4132
39.6522,41.6431
39.6522,35.3228
39.6522,35.146
39.6522,22.3781
39.6522,33.5889
39.6522,48.0123
39.6522,20.533
31.0202,22.3781
31.0202,37.3428
31.0202,39.073
31.0202,41.7885
31.0202,19.6295
31.0202,20.533
31.0202,18.5595
31.0202,18.5639
31.0202,38.5799
31.0202,35.146
31.0202,35.3228
31.0202,15.7033
31.0202,46.9998
31.0202,18.9741
31.0202,41.6431
31.0202,35.0097
31.0202,15.3685
31.0202,44.4132
31.0202,41.401
14.245,10.1033
14.245,15.8322
14.245,7.14484
14.245,16.7008
14.245,20.363
14.245,21.828
14.245,23.6743
14.245,20.679
14.245,22.8702
14.245,0.62721
14.245,25.1478
14.245,4.01343
14.245,26.0686
39.019,40.458
39.019,43.0388
39.019,40.6254
39.019,41.5349
39.019,41.4326
39.019,53.7008
39.019,29.9898
39.019,45.6681
39.019,40.8158
39.019,34.0436
39.019,23.4409
91.8058,95.7859
91.8058,85.4784
91.8058,84.0984
91.8058,83.2318
91.8058,82.7075
91.8058,86.4474
91.8058,80.3495
91.8058,76.9487
91.8058,73.0689
91.8058,74.9885
10.4227,9.35709
10.4227,15.3685
10.4227,18.9741
10.4227,4.67995
10.4227,5.12592
10.4227,15.7033
10.4227,6.58951
10.4227,8.42084
10.4227,4.48077
10.4227,12.3338
10.4227,18.5595
10.4227,18.5639
10.4227,19.6295
10.4227,5.50422
10.4227,20.533
10.4227,22.3781
10.4227,10.9247
10.4227,0.46715
10.4227,9.93585
10.4227,9.50289
10.4227,14.408
10.4227,0.347
10.4227,1.76199
23.6743,20.363
23.6743,25.1478
23.6743,27.2796
23.6743,27.7266
23.6743,28.9323
23.6743,16.7008
23.6743,30.7268
23.6743,22.8702
23.6743,25.1855
23.6743,21.828
23.6743,30.3003
23.6743,15.8322
23.6743,10.1033
23.6743,31.8361
23.6743,26.0686
23.6743,38.2936
23.6743,7.14484
23.6743,37.8505
20.533,15.7033
20.533,19.6295
20.533,18.5595
20.533,22.3781
20.533,9.35709
20.533,9.93585
20.533,15.3685
20.533,9.50289
20.533,10.0326
20.533,18.9741
20.533,33.5889
20.533,26.2546
41.4667,42.0127
41.4667,41.0709
41.4667,41.2882
41.4667,40.2232
41.4667,38.3128
41.4667,49.7239
41.4667,50.1976
41.4667,36.2814
41.4667,34.9113
41.4667,28.7218
41.4667,51.0989
41.4667,44.0333
41.4667,48.0576
41.4667,55.2444
41.4667,52.4544
41.4667,27.0952
41.4667,57.3909
41.4667,26.9839
52.4544,55.2444
52.4544,57.3909
52.4544,50.1976
52.4544,49.7239
52.4544,45.4065
60.7518,57.224
60.7518,64.1128
60.7518,52.8361
60.7518,52.3406
60.7518,57.427
60.7518,60.4266
60.7518,55.5221
60.7518,59.7329
60.7518,53.7008
60.7518,45.6681
60.7518,53.6355
60.7518,59.5245
60.7518,55.6101
60.7518,52.8386
60.7518,74.2789
26.2546,33.5889
26.2546,27.9689
26.2546,23.8242
26.2546,20.679
26.2546,19.8681
26.2546,41.401
53.6355,55.5221
53.6355,57.427
53.6355,59.7329
53.6355,59.5245
53.6355,56.8938
53.6355,57.224
53.6355,60.4266
53.6355,46.1242
53.6355,52.8361
53.6355,52.3406
53.6355,40.89
53.6355,58.6729
53.6355,46.0979
76.9487,73.0689
76.9487,78.5024
76.9487,64.2412
76.9487,82.7075
76.9487,85.4784
76.9487,83.2318
76.9487,84.0984
76.9487,74.9885
54.5758,49.0287
54.5758,48.9799
54.5758,47.704
54.5758,60.0459
54.5758,58.795
54.5758,63.4
54.5758,64.1351
54.5758,64.3852
54.5758,46.9998
54.5758,66.2131
54.5758,48.0123
54.5758,41.401
54.5758,41.7885
54.5758,67.2702
54.5758,40.0238
54.5758,39.073
85.4705,84.1804
85.4705,82.4213
85.4705,74.289
85.4705,97.961
85.4705,96.456
85.4705,99.3229
51.5208,55.2444
51.5208,57.3909
51.5208,45.4065
51.5208,50.1976
51.5208,49.7239
51.5208,55.6101
53.7008,43.0388
53.7008,64.1128
53.7008,40.6254
53.7008,45.6681
53.7008,40.458
53.7008,41.5349
53.7008,41.4326
15.8322,21.828
15.8322,10.1033
15.8322,20.679
15.8322,7.14484
15.8322,26.0686
15.8322,8.57597
15.8322,8.09162
15.8322,16.7008
15.8322,6.72896
15.8322,19.8681
15.8322,12.0842
15.8322,20.363
15.8322,4.01343
15.8322,23.8242
15.8322,0.13593
15.8322,0.62721
15.8322,27.2796
15.8322,2.97935
15.8322,2.27721
15.8322,28.9323
15.8322,27.9689
18.9741,15.3685
18.9741,10.0326
18.9741,12.3338
18.9741,8.42084
18.9741,9.35709
18.9741,6.58951
18.9741,22.3781
18.9741,18.5595
18.9741,19.6295
18.9741,10.9247
18.9741,4.67995
18.9741,15.7033
18.9741,4.48077
18.9741,14.408
18.9741,18.5639
18.9741,5.50422
18.9741,5.12592
18.9741,11.1418
18.9741,12.7697
26.8064,30.428
26.8064,30.0773
26.8064,32.599
26.8064,36.3822
26.8064,32.0696
26.8064,12.2958
26.8064,40.6365
26.8064,16.1625
26.8064,42.3459
26.8064,35.0097
26.8064,9.47296
74.9885,80.3495
74.9885,82.7075
74.9885,83.2318
74.9885,84.0984
74.9885,85.4784
74.9885,86.4474
74.9885,73.0689
78.5024,91.6913
78.5024,73.0689
78.5024,64.2412
40.89,46.1242
40.89,46.0979
40.89,56.8938
40.89,52.8386
40.89,55.5221
57.718,59.8289
57.718,53.9193
49.7239,50.1976
49.7239,42.0127
49.7239,41.2882
49.7239,41.0709
49.7239,57.3909
49.7239,40.2232
49.7239,55.2444
49.7239,48.0576
49.7239,50.7496
49.7239,44.0333
49.7239,38.3128
49.7239,51.0989
49.7239,58.9097
7.39656,9.20727
7.39656,19.059
7.39656,21.7357
59.5245,56.8938
59.5245,55.5221
59.5245,57.427
59.5245,60.4266
59.5245,57.224
59.5245,52.8386
59.5245,58.6729
59.5245,58.8107
59.5245,46.1242
59.5245,52.8361
59.5245,52.3406
59.5245,46.0979
0.347,5.50422
0.347,4.48077
0.347,6.58951
0.347,4.67995
0.347,8.42084
0.347,10.9247
0.347,9.47296
0.347,5.12592
0.347,12.2958
0.347,12.3338
0.347,14.408
0.347,10.0326
0.347,16.1625
44.4132,38.5799
44.4132,39.073
44.4132,37.3428
44.4132,35.3228
44.4132,41.7885
44.4132,46.9998
44.4132,48.0123
44.4132,43.4093
44.4132,49.4851
44.4132,49.0287
44.4132,60.0459
44.4132,48.9799
44.4132,47.704
20.363,16.7008
20.363,25.1478
20.363,27.2796
20.363,27.7266
20.363,28.9323
20.363,30.7268
20.363,22.8702
20.363,21.828
20.363,10.1033
20.363,25.1855
20.363,7.14484
20.363,26.0686
20.363,4.01343
20.363,30.3003
20.363,31.8361
20.363,2.97935
20.363,6.72896
96.4707,94.4322
96.4707,92.1247
96.4707,95.1313
96.4707,80.1813
41.4472,35.0097
41.4472,35.146
41.4472,45.4065
41.4472,32.0696
41.4472,32.7734
41.4472,41.4326
41.4472,55.6101
41.4472,32.599
41.4472,41.5349
41.4472,30.0773
41.4472,30.428
41.4472,36.3822
41.4472,45.6681
32.599,30.0773
32.599,36.3822
32.599,32.0696
32.599,35.0097
32.599,40.6365
32.599,42.3459
32.599,35.146
32.599,16.1625
32.599,45.6681
32.599,41.4326
32.599,49.727
32.599,41.5349
75.1517,75.1989
75.1517,75.8617
75.1517,76.1135
75.1517,75.4433
75.1517,80.1813
75.1517,60.3764
75.1517,58.6791
75.1517,63.8361
75.1517,61.4492
48.4585,61.4492
48.4585,51.0989
48.4585,49.1602
75.4433,80.1813
75.4433,71.6866
75.4433,61.4492
75.4433,92.1247
75.4433,94.4322
75.4433,60.3764
58.6729,60.4266
58.6729,49.727
58.6729,57.224
58.6729,59.7329
58.6729,57.427
58.6729,64.2412
58.6729,52.8361
58.6729,52.3406
58.6729,55.5221
58.6729,42.3459
58.6729,56.8938
58.6729,46.0979
58.6729,40.6365
58.6729,46.1242
19.8681,23.8242
19.8681,20.679
19.8681,12.0842
19.8681,27.9689
19.8681,26.0686
19.8681,21.828
19.8681,8.09162
19.8681,8.57597
19.8681,2.27721
19.8681,33.5889
19.8681,6.72896
27.5788,28.7218
27.5788,40.2232
27.5788,41.2882
27.5788,41.0709
27.5788,44.0333
27.5788,11.0276
27.5788,15.2025
27.5788,34.9113
27.5788,42.0127
27.5788,13.5772
27.5788,19.059
85.8102,93.2148
85.8102,83.2991
9.20727,19.059
9.20727,13.5772
9.20727,21.7357
9.20727,11.0276
11.1418,12.3338
11.1418,8.42084
11.1418,9.47296
11.1418,12.2958
11.1418,1.76199
11.1418,6.58951
11.1418,4.48077
36.0134,29.4471
36.0134,31.8361
36.0134,30.3003
36.0134,25.2707
36.0134,38.2936
36.0134,21.2412
36.0134,25.1855
36.0134,19.119
36.0134,22.8702
55.5221,52.8386
55.5221,57.427
55.5221,59.7329
55.5221,57.224
55.5221,56.8938
55.5221,60.4266
55.5221,52.8361
55.5221,52.3406
55.5221,46.1242
55.5221,58.8107
55.5221,46.0979
64.1351,66.2131
64.1351,63.4
64.1351,58.795
64.1351,60.0459
64.1351,67.2702
64.1351,73.1505
64.1351,48.9799
64.1351,49.0287
64.1351,47.704
64.1351,71.9214
64.1351,73.4743
64.1351,48.0123
64.1351,65.717
27.0952,26.9839
27.0952,36.2814
27.0952,21.7357
27.0952,38.3128
27.0952,28.718
27.0952,22.0749
27.0952,19.5288
27.0952,19.059
27.0952,29.9898
27.0952,34.0436
27.0952,40.8158
27.0952,42.543
27.0952,23.4409
27.0952,21.757
74.289,82.4213
74.289,63.8361
74.289,84.1804
74.289,82.5662
74.289,58.9097
2.27721,8.09162
2.27721,0.13593
2.27721,8.57597
2.27721,12.0842
2.27721,6.72896
2.27721,7.14484
2.27721,0.62721
2.27721,2.97935
2.27721,4.01343
2.27721,10.1033
2.27721,20.679
73.1505,66.2131
73.1505,64.3852
73.1505,63.4
73.1505,65.717
73.1505,67.2702
73.1505,73.4743
73.1505,58.795
73.1505,71.9214
73.1505,72.8807
73.1505,60.0459
82.5662,87.9966
82.5662,95.1313
82.5662,63.8361
64.1128,74.2789
51.0989,58.9097
51.0989,49.1602
51.0989,50.5409
51.0989,63.8361
51.0989,42.543
51.0989,38.3128
51.0989,36.2814
51.0989,50.1976
51.0989,40.8158
51.0989,54.6616
14.1536,15.2025
14.1536,11.0276
14.1536,3.30739
14.1536,3.88711
14.1536,19.119
14.1536,11.2863
14.1536,21.2412
14.1536,25.2707
14.1536,4.64622
96.9563,95.1313
96.9563,94.4322
96.9563,92.1247
96.9563,80.1813
46.9998,41.7885
46.9998,49.0287
46.9998,47.704
46.9998,39.073
46.9998,48.9799
46.9998,37.3428
46.9998,41.401
46.9998,60.0459
46.9998,41.6431
46.9998,38.5799
46.9998,48.0123
46.9998,63.4
46.9998,35.3228
46.9998,40.0238
46.9998,35.146
29.4471,25.2707
29.4471,30.3003
29.4471,21.2412
29.4471,31.8361
29.4471,19.119
29.4471,25.1855
29.4471,22.8702
29.4471,38.2936
29.4471,25.1478
35.146,35.0097
35.146,32.0696
35.146,30.0773
35.146,30.428
35.146,41.7885
35.146,39.073
35.146,22.3781
35.146,37.3428
35.146,32.7734
35.146,36.3822
16.1625,14.408
16.1625,12.2958
16.1625,10.9247
16.1625,9.47296
16.1625,5.50422
16.1625,30.0773
16.1625,6.58951
16.1625,30.428
16.1625,32.0696
16.1625,1.76199
16.1625,4.48077
16.1625,8.42084
16.1625,12.3338
16.1625,4.67995
16.1625,5.12592
16.1625,35.0097
71.6866,80.1813
71.6866,76.1135
71.6866,75.8617
71.6866,75.1989
71.6866,61.4492
96.456,97.961
96.456,99.3229
96.456,84.1804
96.456,82.4213
21.828,26.0686
21.828,20.679
21.828,27.2796
21.828,16.7008
21.828,10.1033
21.828,23.8242
21.828,8.57597
21.828,7.14484
21.828,28.9323
21.828,8.09162
21.828,12.0842
21.828,6.72896
21.828,30.7268
21.828,27.9689
21.828,25.1478
21.828,27.7266
21.828,37.8505
21.828,4.01343
94.4322,95.1313
94.4322,80.1813
94.4322,76.1135
94.4322,75.8617
94.4322,75.1989
80.1813,76.1135
80.1813,75.8617
80.1813,75.1989
80.1813,92.1247
80.1813,95.1313
80.1813,61.4492
41.6431,38.5799
41.6431,37.3428
41.6431,35.3228
41.6431,39.073
41.6431,41.7885
41.6431,48.0123
41.6431,43.4093
41.6431,49.4851
55.6101,45.6681
55.6101,41.4326
55.6101,41.5349
55.6101,45.4065
55.6101,52.3406
55.6101,52.8361
52.8361,57.224
52.8361,57.427
52.8361,60.4266
52.8361,45.6681
52.8361,49.727
52.8361,59.7329
52.8361,58.8107
52.8361,52.8386
52.8361,36.3822
52.8361,42.3459
52.8361,40.6365
52.8361,56.8938
47.704,41.401
47.704,40.0238
47.704,41.7885
47.704,58.795
47.704,48.0123
47.704,60.0459
47.704,39.073
47.704,63.4
47.704,64.3852
47.704,37.3428
47.704,33.5889
47.704,66.2131
47.704,38.5799
37.3428,38.5799
37.3428,35.3228
37.3428,41.7885
37.3428,48.0123
37.3428,49.0287
37.3428,48.9799
37.3428,22.3781
28.7218,34.9113
28.7218,40.2232
28.7218,41.0709
28.7218,41.2882
28.7218,19.059
28.7218,21.7357
28.7218,42.0127
28.7218,13.5772
28.7218,28.718
28.7218,44.0333
28.7218,15.2025
53.9193,59.8289
53.9193,57.5476
48.0576,50.7496
48.0576,44.0333
48.0576,40.2232
48.0576,41.2882
48.0576,42.0127
48.0576,41.0709
48.0576,50.1976
50.7496,44.0333
50.7496,41.2882
50.7496,42.0127
50.7496,40.2232
50.7496,41.0709
50.7496,50.1976
50.7496,57.3909
61.4492,60.3764
61.4492,75.1989
61.4492,75.8617
61.4492,76.1135
61.4492,58.6791
40.0238,41.401
40.0238,33.5889
40.0238,48.9799
40.0238,49.0287
40.0238,27.9689
40.0238,58.795
40.0238,41.7885
19.119,25.2707
19.119,22.8702
19.119,25.1855
19.119,30.3003
19.119,4.64622
19.119,31.8361
19.119,3.15515
19.119,9.13155
19.119,3.88711
41.4326,40.6254
41.4326,45.6681
41.4326,43.0388
41.4326,40.458
41.4326,36.3822
41.4326,34.0436
41.4326,30.428
41.4326,45.4065
13.5772,19.059
13.5772,15.2025
13.5772,21.7357
13.5772,11.0276
21.757,29.9898
21.757,34.0436
21.757,26.9839
21.757,40.458
9.47296,10.9247
9.47296,1.76199
9.47296,5.50422
9.47296,8.42084
9.47296,6.58951
9.47296,4.48077
9.47296,14.408
9.47296,12.3338
9.47296,4.67995
9.47296,5.12592
43.0388,40.458
43.0388,41.5349
43.0388,45.6681
43.0388,34.0436
43.0388,40.8158
43.0388,29.9898
73.0689,64.2412
73.0689,82.7075
73.0689,83.2318
73.0689,85.4784
73.0689,84.0984
73.0689,80.3495
84.287,74.2789
35.3228,38.5799
35.3228,39.073
35.3228,41.7885
35.3228,48.0123
35.3228,49.4851
63.4,60.0459
63.4,64.3852
63.4,66.2131
63.4,58.795
63.4,67.2702
63.4,48.9799
63.4,49.0287
63.4,48.0123
63.4,65.717
57.427,57.224
57.427,59.7329
57.427,60.4266
57.427,52.8386
57.427,52.3406
57.427,56.8938
57.427,58.8107
57.427,46.1242
57.427,49.727
50.5409,42.543
50.5409,42.7197
50.5409,40.8158
50.5409,58.6791
50.5409,58.9097
50.5409,38.9692
50.5409,60.3764
50.5409,36.2814
50.5409,63.8361
50.5409,38.3128
87.9966,88.574
83.2318,80.3495
83.2318,86.4474
83.2318,95.7859
35.0097,32.0696
35.0097,30.0773
35.0097,30.428
35.0097,36.3822
35.0097,40.6365
35.0097,42.3459
35.0097,32.7734
35.0097,41.7885
46.1242,46.0979
46.1242,56.8938
46.1242,52.8386
46.1242,59.7329
46.1242,42.3459
46.1242,40.6365
46.1242,57.224
46.1242,49.727
46.1242,60.4266
46.1242,58.8107
80.3495,86.4474
80.3495,84.0984
80.3495,82.7075
80.3495,85.4784
80.3495,95.7859
4.48077,1.76199
4.48077,8.42084
4.48077,10.9247
4.48077,5.12592
4.48077,12.3338
4.48077,10.0326
4.48077,14.408
4.48077,12.2958
4.48077,9.35709
4.48077,15.3685
42.7197,38.9692
42.7197,32.9278
42.7197,31.1238
42.7197,42.543
42.7197,49.1602
42.7197,40.8158
42.7197,58.6791
42.7197,40.458
9.13155,4.95903
9.13155,0.76615
9.13155,3.15515
9.13155,4.64622
9.13155,1.08497
9.13155,3.88711
9.13155,21.2412
87.6438,88.574
87.6438,84.4457
58.6791,49.1602
30.0773,30.428
30.0773,32.0696
30.0773,36.3822
30.0773,40.6365
30.0773,42.3459
30.0773,12.2958
30.0773,14.408
10.1033,7.14484
10.1033,16.7008
10.1033,4.01343
10.1033,0.62721
10.1033,6.72896
10.1033,2.97935
10.1033,8.57597
10.1033,0.13593
10.1033,8.09162
10.1033,20.679
10.1033,12.0842
10.1033,26.0686
10.1033,27.2796
9.50289,15.7033
9.50289,18.5595
9.50289,19.6295
9.50289,18.5639
9.50289,9.35709
9.50289,5.12592
9.50289,22.3781
9.50289,10.0326
14.408,10.9247
14.408,5.50422
14.408,6.58951
14.408,12.2958
14.408,5.12592
14.408,4.67995
14.408,8.42084
14.408,1.76199
14.408,12.3338
14.408,18.5595
14.408,19.6295
14.408,22.3781
14.408,10.0326
14.408,15.7033
14.408,32.0696
36.3822,30.428
36.3822,32.0696
36.3822,45.6681
36.3822,42.3459
36.3822,40.6365
36.3822,52.3406
36.3822,41.5349
36.3822,49.727
15.3685,10.0326
15.3685,9.35709
15.3685,15.7033
15.3685,18.5639
15.3685,18.5595
15.3685,12.3338
15.3685,19.6295
15.3685,22.3781
15.3685,8.42084
15.3685,4.67995
15.3685,6.58951
15.3685,5.12592
15.3685,0.46715
15.3685,10.9247
15.3685,5.50422
34.0436,29.9898
34.0436,40.8158
34.0436,23.4409
34.0436,26.9839
34.0436,40.458
34.0436,38.3128
34.0436,42.543
34.0436,36.2814
34.0436,40.6254
34.0436,41.5349
34.0436,32.7734
38.5799,39.073
38.5799,41.7885
38.5799,48.0123
38.5799,43.4093
38.5799,49.4851
99.3229,84.1804
99.3229,82.4213
82.7075,85.4784
82.7075,86.4474
82.7075,95.7859
9.4338,6.34549
38.3128,36.2814
38.3128,26.9839
38.3128,42.0127
38.3128,40.8158
38.3128,42.543
38.3128,50.1976
38.3128,41.0709
38.3128,41.2882
38.3128,40.2232
38.3128,49.1602
38.3128,28.718
38.3128,34.9113
38.3128,21.7357
38.3128,29.9898
75.8617,92.1247
75.8617,60.3764
52.8386,56.8938
52.8386,59.7329
52.8386,57.224
52.8386,60.4266
52.8386,52.3406
86.4474,84.0984
86.4474,85.4784
86.4474,95.7859
25.1478,27.7266
25.1478,22.8702
25.1478,25.1855
25.1478,28.9323
25.1478,30.7268
25.1478,27.2796
25.1478,16.7008
25.1478,30.3003
25.1478,31.8361
25.1478,38.2936
25.1478,25.2707
12.0842,8.09162
12.0842,8.57597
12.0842,20.679
12.0842,6.72896
12.0842,23.8242
12.0842,26.0686
12.0842,0.13593
12.0842,7.14484
12.0842,27.9689
39.073,41.7885
39.073,49.0287
39.073,48.0123
39.073,48.9799
39.073,41.401
39.073,22.3781
49.727,42.3459
49.727,40.6365
49.727,58.8107
49.727,52.3406
49.727,43.4093
49.727,60.4266
49.727,57.224
49.727,64.2412
49.727,46.0979
30.7268,27.7266
30.7268,27.2796
30.7268,25.1855
30.7268,16.7008
30.7268,38.2936
30.7268,22.8702
30.7268,37.8505
30.7268,30.3003
30.7268,31.8361
30.7268,26.0686
12.7697,12.3338
12.7697,8.42084
41.5349,40.6254
41.5349,45.6681
41.5349,40.458
22.0749,28.718
22.0749,21.7357
22.0749,26.9839
22.0749,6.34549
22.0749,36.2814
95.1313,92.1247
32.7734,45.4065
37.8505,27.2796
37.8505,28.9323
37.8505,26.0686
27.7266,28.9323
27.7266,27.2796
27.7266,25.1855
27.7266,22.8702
27.7266,30.3003
27.7266,31.8361
27.7266,16.7008
27.7266,38.2936
41.0709,34.9113
41.0709,44.0333
41.0709,50.1976
41.0709,36.2814
41.0709,54.6616
72.8807,73.4743
72.8807,71.9214
72.8807,67.2702
72.8807,57.5476
72.8807,66.2131
5.50422,4.67995
5.50422,1.76199
5.50422,10.9247
5.50422,8.42084
5.50422,5.12592
5.50422,12.2958
5.50422,12.3338
5.50422,10.0326
5.50422,9.35709
88.574,84.4457
88.574,83.2991
4.95903,1.08497
4.95903,0.76615
4.95903,3.15515
4.95903,4.64622
4.95903,3.88711
0.46715,9.35709
0.46715,10.0326
85.4784,95.7859
6.58951,4.67995
6.58951,8.42084
6.58951,10.9247
6.58951,1.76199
6.58951,5.12592
6.58951,12.3338
6.58951,10.0326
6.58951,12.2958
6.58951,9.35709
6.58951,18.5595
6.58951,15.7033
6.58951,19.6295
67.2702,71.9214
67.2702,73.4743
67.2702,66.2131
67.2702,64.3852
67.2702,58.795
67.2702,57.5476
67.2702,60.0459
1.76199,4.67995
1.76199,8.42084
1.76199,10.9247
1.76199,12.2958
1.76199,5.12592
1.76199,12.3338
1.76199,10.0326
58.795,64.3852
58.795,66.2131
58.795,48.9799
58.795,49.0287
58.795,60.0459
58.795,57.5476
58.795,71.9214
58.795,73.4743
58.795,48.0123
58.795,41.401
95.7859,84.0984
75.1989,92.1247
75.1989,60.3764
5.12592,4.67995
5.12592,10.9247
5.12592,9.35709
5.12592,10.0326
5.12592,8.42084
5.12592,9.93585
5.12592,15.7033
5.12592,18.5595
5.12592,19.6295
5.12592,12.3338
5.12592,22.3781
5.12592,18.5639
5.12592,12.2958
30.428,32.0696
30.428,40.6365
30.428,42.3459
30.428,12.2958
30.428,45.6681
15.2025,11.2863
15.2025,11.0276
15.2025,3.30739
54.6616,58.9097
54.6616,41.2882
54.6616,63.8361
58.9097,63.8361
58.9097,49.1602
58.9097,50.1976
48.0123,49.4851
48.0123,48.9799
48.0123,49.0287
48.0123,60.0459
48.0123,41.7885
48.0123,64.3852
26.0686,20.679
26.0686,23.8242
26.0686,27.9689
26.0686,27.2796
26.0686,28.9323
26.0686,16.7008
26.0686,8.57597
26.0686,8.09162
18.5639,15.7033
18.5639,18.5595
18.5639,19.6295
18.5639,22.3781
18.5639,9.35709
18.5639,9.93585
18.5639,10.0326
45.6681,40.6254
45.6681,52.3406
45.6681,40.458
45.6681,57.224
46.0979,42.3459
46.0979,40.6365
46.0979,56.8938
46.0979,58.8107
46.0979,59.7329
46.0979,43.4093
92.1247,76.1135
60.3764,49.1602
21.7357,19.059
21.7357,28.718
21.7357,26.9839
21.7357,36.2814
21.7357,34.9113
21.7357,19.5288
71.9214,66.2131
71.9214,64.3852
71.9214,57.5476
42.3459,43.4093
42.3459,33.8099
42.3459,58.8107
42.3459,32.0696
42.3459,52.3406
83.8795,87.2094
83.8795,93.2148
83.8795,83.2991
4.64622,1.08497
4.64622,3.88711
4.64622,0.76615
4.64622,3.30739
4.64622,21.2412
4.64622,11.2863
48.9799,41.401
48.9799,60.0459
48.9799,41.7885
48.9799,64.3852
48.9799,66.2131
6.34549,19.5288
22.3781,18.5595
22.3781,15.7033
22.3781,9.93585
22.3781,9.35709
22.3781,10.0326
40.458,40.6254
40.458,40.8158
40.458,29.9898
40.458,42.543
40.458,23.4409
73.4743,66.2131
73.4743,64.3852
43.4093,33.8099
43.4093,40.6365
57.5476,66.2131
15.7033,18.5595
15.7033,19.6295
15.7033,9.93585
15.7033,9.35709
15.7033,10.0326
15.7033,4.67995
0.62721,0.13593
0.62721,4.01343
0.62721,2.97935
0.62721,7.14484
0.62721,6.72896
0.62721,8.57597
0.62721,8.09162
0.62721,16.7008
28.718,34.9113
28.718,19.059
28.718,36.2814
28.718,19.5288
28.718,26.9839
10.9247,12.2958
10.9247,8.42084
10.9247,4.67995
10.9247,12.3338
10.9247,10.0326
10.9247,9.35709
10.9247,18.5595
10.9247,19.6295
0.13593,6.72896
0.13593,2.97935
0.13593,4.01343
0.13593,7.14484
0.13593,8.57597
0.13593,8.09162
19.059,34.9113
19.059,26.9839
8.09162,8.57597
8.09162,6.72896
8.09162,7.14484
8.09162,4.01343
8.09162,2.97935
8.09162,20.679
8.09162,16.7008
8.09162,23.8242
50.1976,55.2444
50.1976,57.3909
50.1976,42.0127
50.1976,41.2882
50.1976,40.2232
50.1976,36.2814
50.1976,63.8361
59.7329,60.4266
59.7329,57.224
59.7329,56.8938
59.7329,58.8107
59.7329,52.3406
1.08497,3.15515
1.08497,3.88711
1.08497,0.76615
1.08497,3.30739
27.2796,28.9323
27.2796,16.7008
27.2796,22.8702
27.2796,25.1855
27.2796,30.3003
27.2796,31.8361
27.2796,38.2936
27.2796,20.679
82.4213,70.9985
82.4213,97.961
18.5595,9.93585
18.5595,9.35709
18.5595,10.0326
18.5595,4.67995
38.2936,31.8361
38.2936,30.3003
38.2936,25.1855
38.2936,22.8702
38.2936,28.9323
38.2936,25.2707
27.9689,23.8242
27.9689,33.5889
27.9689,20.679
27.9689,41.401
29.9898,23.4409
29.9898,40.8158
29.9898,26.9839
29.9898,31.1238
29.9898,42.543
29.9898,32.9278
29.9898,36.2814
29.9898,40.6254
29.9898,38.9692
25.1855,30.3003
25.1855,31.8361
25.1855,25.2707
25.1855,21.2412
25.1855,28.9323
25.1855,16.7008
97.961,84.1804
49.4851,65.717
3.88711,3.30739
3.88711,3.15515
3.88711,11.2863
3.88711,0.76615
3.30739,11.2863
3.30739,3.15515
96.4156,96.7651
41.401,33.5889
41.401,49.0287
41.401,41.7885
63.8361,49.1602
26.9839,36.2814
26.9839,23.4409
26.9839,40.8158
26.9839,42.543
26.9839,19.5288
56.8938,60.4266
56.8938,57.224
56.8938,58.8107
8.42084,12.3338
8.42084,4.67995
8.42084,10.0326
8.42084,12.2958
8.42084,9.35709
19.6295,9.93585
19.6295,9.35709
19.6295,10.0326
19.6295,4.67995
60.0459,64.3852
60.0459,66.2131
60.0459,49.0287
60.0459,41.7885
20.679,23.8242
20.679,8.57597
20.679,7.14484
20.679,6.72896
20.679,16.7008
22.8702,30.3003
22.8702,31.8361
22.8702,25.2707
22.8702,21.2412
22.8702,16.7008
22.8702,28.9323
33.5889,23.8242
8.57597,7.14484
8.57597,4.01343
8.57597,2.97935
8.57597,16.7008
4.01343,7.14484
4.01343,6.72896
4.01343,16.7008
38.9692,32.9278
38.9692,31.1238
38.9692,42.543
38.9692,40.8158
38.9692,49.1602
65.717,66.2131
65.717,64.3852
83.2991,84.4457
83.2991,93.2148
83.2991,87.2094
64.3852,49.0287
87.2094,93.2148
84.1804,70.9985
30.3003,25.2707
30.3003,21.2412
30.3003,28.9323
70.9985,57.3909
70.9985,55.2444
25.2707,21.2412
25.2707,31.8361
41.7885,49.0287
41.2882,44.0333
41.2882,34.9113
41.2882,36.2814
40.6365,33.8099
40.6365,32.0696
40.6365,58.8107
40.6365,52.3406
32.9278,42.543
32.9278,40.8158
12.2958,12.3338
12.2958,4.67995
10.0326,9.35709
10.0326,4.67995
10.0326,12.3338
10.0326,9.93585
9.35709,4.67995
9.35709,9.93585
9.35709,12.3338
42.543,40.8158
42.543,49.1602
42.543,36.2814
42.543,31.1238
7.14484,6.72896
7.14484,2.97935
7.14484,16.7008
42.0127,40.2232
42.0127,44.0333
42.0127,34.9113
42.0127,36.2814
9.93585,4.67995
34.9113,40.2232
34.9113,36.2814
31.8361,21.2412
31.8361,28.9323
64.2412,58.8107
64.2412,60.4266
16.7008,28.9323
16.7008,2.97935
16.7008,6.72896
44.0333,40.2232
49.0287,66.2131
2.97935,6.72896
23.4409,40.8158
36.2814,40.8158
36.2814,49.1602
36.2814,40.2232
57.224,60.4266
57.224,52.3406
57.224,58.8107
40.8158,49.1602
40.8158,31.1238
58.8107,60.4266
58.8107,52.3406
60.4266,52.3406
0.76615,3.15515
55.2444,45.4065
21.2412,3.15515
4.67995,12.3338
