Hp0_x,y,z
55.4978,89.1606,80.259
55.4978,89.1606,80.259
55.4978,89.1606,80.259
55.4978,89.1606,80.259
55.4978,89.1606,80.259
55.4978,89.1606,80.259
55.4978,89.1606,80.259
55.4978,89.1606,80.259
55.4978,89.1606,80.259
55.4978,89.1606,80.259
55.4978,89.1606,80.259
55.4978,89.1606,80.259
2.27346,65.4733,93.9389
9.27539,89.9081,80.4844
9.27539,89.9081,80.4844
9.27539,89.9081,80.4844
9.27539,89.9081,80.4844
39.6522,43.9189,25.9333
39.6522,43.9189,25.9333
39.6522,43.9189,25.9333
39.6522,43.9189,25.9333
39.6522,43.9189,25.9333
39.6522,43.9189,25.9333
39.6522,43.9189,25.9333
39.6522,43.9189,25.9333
39.6522,43.9189,25.9333
39.6522,43.9189,25.9333
39.6522,43.9189,25.9333
39.6522,43.9189,25.9333
39.6522,43.9189,25.9333
39.6522,43.9189,25.9333
39.6522,43.9189,25.9333
39.6522,43.9189,25.9333
39.6522,43.9189,25.9333
39.6522,43.9189,25.9333
39.6522,43.9189,25.9333
39.6522,43.9189,25.9333
31.0202,47.5555,23.0686
31.0202,47.5555,23.0686
31.0202,47.5555,23.0686
31.0202,47.5555,23.0686
31.0202,47.5555,23.0686
31.0202,47.5555,23.0686
31.0202,47.5555,23.0686
31.0202,47.5555,23.0686
31.0202,47.5555,23.0686
31.0202,47.5555,23.0686
31.0202,47.5555,23.0686
31.0202,47.5555,23.0686
31.0202,47.5555,23.0686
31.0202,47.5555,23.0686
31.0202,47.5555,23.0686
31.0202,47.5555,23.0686
31.0202,47.5555,23.0686
31.0202,47.5555,23.0686
31.0202,47.5555,23.0686
14.245,18.4002,63.7396
14.245,18.4002,63.7396
14.245,18.4002,63.7396
14.245,18.4002,63.7396
14.245,18.4002,63.7396
14.245,18.4002,63.7396
14.245,18.4002,63.7396
14.245,18.4002,63.7396
14.245,18.4002,63.7396
14.245,18.4002,63.7396
14.245,18.4002,63.7396
14.245,18.4002,63.7396
14.245,18.4002,63.7396
39.019,90.8303,49.1266
39.019,90.8303,49.1266
39.019,90.8303,49.1266
39.019,90.8303,49.1266
39.019,90.8303,49.1266
39.019,90.8303,49.1266
39.019,90.8303,49.1266
39.019,90.8303,49.1266
39.019,90.8303,49.1266
39.019,90.8303,49.1266
39.019,90.8303,49.1266
91.8058,60.2409,1.34038
91.8058,60.2409,1.34038
91.8058,60.2409,1.34038
91.8058,60.2409,1.34038
91.8058,60.2409,1.34038
91.8058,60.2409,1.34038
91.8058,60.2409,1.34038
91.8058,60.2409,1.34038
91.8058,60.2409,1.34038
91.8058,60.2409,1.34038
10.4227,49.1671,16.2351
10.4227,49.1671,16.2351
10.4227,49.1671,16.2351
10.4227,49.1671,16.2351
10.4227,49.1671,16.2351
10.4227,49.1671,16.2351
10.4227,49.1671,16.2351
10.4227,49.1671,16.2351
10.4227,49.1671,16.2351
10.4227,49.1671,16.2351
10.4227,49.1671,16.2351
10.4227,49.1671,16.2351
10.4227,49.1671,16.2351
10.4227,49.1671,16.2351
10.4227,49.1671,16.2351
10.4227,49.1671,16.2351
10.4227,49.1671,16.2351
10.4227,49.1671,16.2351
10.4227,49.1671,16.2351
10.4227,49.1671,16.2351
10.4227,49.1671,16.2351
10.4227,49.1671,16.2351
10.4227,49.1671,16.2351
23.6743,3.69043,63.6552
23.6743,3.69043,63.6552
23.6743,3.69043,63.6552
23.6743,3.69043,63.6552
23.6743,3.69043,63.6552
23.6743,3.69043,63.6552
23.6743,3.69043,63.6552
23.6743,3.69043,63.6552
23.6743,3.69043,63.6552
23.6743,3.69043,63.6552
23.6743,3.69043,63.6552
23.6743,3.69043,63.6552
23.6743,3.69043,63.6552
23.6743,3.69043,63.6552
23.6743,3.69043,63.6552
23.6743,3.69043,63.6552
23.6743,3.69043,63.6552
23.6743,3.69043,63.6552
20.533,39.8681,24.392
20.533,39.8681,24.392
20.533,39.8681,24.392
20.533,39.8681,24.392
20.533,39.8681,24.392
20.533,39.8681,24.392
20.533,39.8681,24.392
20.533,39.8681,24.392
20.533,39.8681,24.392
20.533,39.8681,24.392
20.533,39.8681,24.392
20.533,39.8681,24.392
41.4667,61.7427,72.3977
41.4667,61.7427,72.3977
41.4667,61.7427,72.3977
41.4667,61.7427,72.3977
41.4667,61.7427,72.3977
41.4667,61.7427,72.3977
41.4667,61.7427,72.3977
41.4667,61.7427,72.3977
41.4667,61.7427,72.3977
41.4667,61.7427,72.3977
41.4667,61.7427,72.3977
41.4667,61.7427,72.3977
41.4667,61.7427,72.3977
41.4667,61.7427,72.3977
41.4667,61.7427,72.3977
41.4667,61.7427,72.3977
41.4667,61.7427,72.3977
41.4667,61.7427,72.3977
52.4544,62.7791,57.0389
52.4544,62.7791,57.0389
52.4544,62.7791,57.0389
52.4544,62.7791,57.0389
52.4544,62.7791,57.0389
60.7518,89.9455,29.6955
60.7518,89.9455,29.6955
60.7518,89.9455,29.6955
60.7518,89.9455,29.6955
60.7518,89.9455,29.6955
60.7518,89.9455,29.6955
60.7518,89.9455,29.6955
60.7518,89.9455,29.6955
60.7518,89.9455,29.6955
60.7518,89.9455,29.6955
60.7518,89.9455,29.6955
60.7518,89.9455,29.6955
60.7518,89.9455,29.6955
60.7518,89.9455,29.6955
60.7518,89.9455,29.6955
26.2546,34.463,42.7382
26.2546,34.463,42.7382
26.2546,34.463,42.7382
26.2546,34.463,42.7382
26.2546,34.463,42.7382
26.2546,34.463,42.7382
53.6355,97.1021,14.2167
53.6355,97.1021,14.2167
53.6355,97.1021,14.2167
53.6355,97.1021,14.2167
53.6355,97.1021,14.2167
53.6355,97.1021,14.2167
53.6355,97.1021,14.2167
53.6355,97.1021,14.2167
53.6355,97.1021,14.2167
53.6355,97.1021,14.2167
53.6355,97.1021,14.2167
53.6355,97.1021,14.2167
53.6355,97.1021,14.2167
76.9487,68.7524,5.03298
76.9487,68.7524,5.03298
76.9487,68.7524,5.03298
76.9487,68.7524,5.03298
76.9487,68.7524,5.03298
76.9487,68.7524,5.03298
76.9487,68.7524,5.03298
76.9487,68.7524,5.03298
54.5758,36.9414,23.2763
54.5758,36.9414,23.2763
54.5758,36.9414,23.2763
54.5758,36.9414,23.2763
54.5758,36.9414,23.2763
54.5758,36.9414,23.2763
54.5758,36.9414,23.2763
54.5758,36.9414,23.2763
54.5758,36.9414,23.2763
54.5758,36.9414,23.2763
54.5758,36.9414,23.2763
54.5758,36.9414,23.2763
54.5758,36.9414,23.2763
54.5758,36.9414,23.2763
54.5758,36.9414,23.2763
54.5758,36.9414,23.2763
85.4705,60.3942,64.7402
85.4705,60.3942,64.7402
85.4705,60.3942,64.7402
85.4705,60.3942,64.7402
85.4705,60.3942,64.7402
85.4705,60.3942,64.7402
51.5208,62.7071,54.7034
51.5208,62.7071,54.7034
51.5208,62.7071,54.7034
51.5208,62.7071,54.7034
51.5208,62.7071,54.7034
51.5208,62.7071,54.7034
53.7008,93.7341,44.5873
53.7008,93.7341,44.5873
53.7008,93.7341,44.5873
53.7008,93.7341,44.5873
53.7008,93.7341,44.5873
53.7008,93.7341,44.5873
53.7008,93.7341,44.5873
15.8322,13.3795,52.9256
15.8322,13.3795,52.9256
15.8322,13.3795,52.9256
15.8322,13.3795,52.9256
15.8322,13.3795,52.9256
15.8322,13.3795,52.9256
15.8322,13.3795,52.9256
15.8322,13.3795,52.9256
15.8322,13.3795,52.9256
15.8322,13.3795,52.9256
15.8322,13.3795,52.9256
15.8322,13.3795,52.9256
15.8322,13.3795,52.9256
15.8322,13.3795,52.9256
15.8322,13.3795,52.9256
15.8322,13.3795,52.9256
15.8322,13.3795,52.9256
15.8322,13.3795,52.9256
15.8322,13.3795,52.9256
15.8322,13.3795,52.9256
15.8322,13.3795,52.9256
18.9741,54.7721,13.8644
18.9741,54.7721,13.8644
18.9741,54.7721,13.8644
18.9741,54.7721,13.8644
18.9741,54.7721,13.8644
18.9741,54.7721,13.8644
18.9741,54.7721,13.8644
18.9741,54.7721,13.8644
18.9741,54.7721,13.8644
18.9741,54.7721,13.8644
18.9741,54.7721,13.8644
18.9741,54.7721,13.8644
18.9741,54.7721,13.8644
18.9741,54.7721,13.8644
18.9741,54.7721,13.8644
18.9741,54.7721,13.8644
18.9741,54.7721,13.8644
18.9741,54.7721,13.8644
18.9741,54.7721,13.8644
26.8064,78.7166,20.4476
26.8064,78.7166,20.4476
26.8064,78.7166,20.4476
26.8064,78.7166,20.4476
26.8064,78.7166,20.4476
26.8064,78.7166,20.4476
26.8064,78.7166,20.4476
26.8064,78.7166,20.4476
26.8064,78.7166,20.4476
26.8064,78.7166,20.4476
26.8064,78.7166,20.4476
74.9885,49.6861,2.68327
74.9885,49.6861,2.68327
74.9885,49.6861,2.68327
74.9885,49.6861,2.68327
74.9885,49.6861,2.68327
74.9885,49.6861,2.68327
74.9885,49.6861,2.68327
78.5024,70.1284,18.9121
78.5024,70.1284,18.9121
78.5024,70.1284,18.9121
40.89,93.4999,2.25816
40.89,93.4999,2.25816
40.89,93.4999,2.25816
40.89,93.4999,2.25816
40.89,93.4999,2.25816
57.718,5.36566,48.8287
57.718,5.36566,48.8287
49.7239,56.9507,69.7162
49.7239,56.9507,69.7162
49.7239,56.9507,69.7162
49.7239,56.9507,69.7162
49.7239,56.9507,69.7162
49.7239,56.9507,69.7162
49.7239,56.9507,69.7162
49.7239,56.9507,69.7162
49.7239,56.9507,69.7162
49.7239,56.9507,69.7162
49.7239,56.9507,69.7162
49.7239,56.9507,69.7162
49.7239,56.9507,69.7162
7.39656,63.2762,67.3992
7.39656,63.2762,67.3992
7.39656,63.2762,67.3992
59.5245,90.7003,11.2651
59.5245,90.7003,11.2651
59.5245,90.7003,11.2651
59.5245,90.7003,11.2651
59.5245,90.7003,11.2651
59.5245,90.7003,11.2651
59.5245,90.7003,11.2651
59.5245,90.7003,11.2651
59.5245,90.7003,11.2651
59.5245,90.7003,11.2651
59.5245,90.7003,11.2651
59.5245,90.7003,11.2651
0.347,65.1628,21.1296
0.347,65.1628,21.1296
0.347,65.1628,21.1296
0.347,65.1628,21.1296
0.347,65.1628,21.1296
0.347,65.1628,21.1296
0.347,65.1628,21.1296
0.347,65.1628,21.1296
0.347,65.1628,21.1296
0.347,65.1628,21.1296
0.347,65.1628,21.1296
0.347,65.1628,21.1296
0.347,65.1628,21.1296
44.4132,49.6279,10.4739
44.4132,49.6279,10.4739
44.4132,49.6279,10.4739
44.4132,49.6279,10.4739
44.4132,49.6279,10.4739
44.4132,49.6279,10.4739
44.4132,49.6279,10.4739
44.4132,49.6279,10.4739
44.4132,49.6279,10.4739
44.4132,49.6279,10.4739
44.4132,49.6279,10.4739
44.4132,49.6279,10.4739
44.4132,49.6279,10.4739
20.363,4.70601,63.3937
20.363,4.70601,63.3937
20.363,4.70601,63.3937
20.363,4.70601,63.3937
20.363,4.70601,63.3937
20.363,4.70601,63.3937
20.363,4.70601,63.3937
20.363,4.70601,63.3937
20.363,4.70601,63.3937
20.363,4.70601,63.3937
20.363,4.70601,63.3937
20.363,4.70601,63.3937
20.363,4.70601,63.3937
20.363,4.70601,63.3937
20.363,4.70601,63.3937
20.363,4.70601,63.3937
20.363,4.70601,63.3937
96.4707,87.1523,89.5237
96.4707,87.1523,89.5237
96.4707,87.1523,89.5237
96.4707,87.1523,89.5237
41.4472,65.6574,35.1604
41.4472,65.6574,35.1604
41.4472,65.6574,35.1604
41.4472,65.6574,35.1604
41.4472,65.6574,35.1604
41.4472,65.6574,35.1604
41.4472,65.6574,35.1604
41.4472,65.6574,35.1604
41.4472,65.6574,35.1604
41.4472,65.6574,35.1604
41.4472,65.6574,35.1604
41.4472,65.6574,35.1604
41.4472,65.6574,35.1604
32.599,75.992,25.3291
32.599,75.992,25.3291
32.599,75.992,25.3291
32.599,75.992,25.3291
32.599,75.992,25.3291
32.599,75.992,25.3291
32.599,75.992,25.3291
32.599,75.992,25.3291
32.599,75.992,25.3291
32.599,75.992,25.3291
32.599,75.992,25.3291
32.599,75.992,25.3291
75.1517,88.6347,78.4853
75.1517,88.6347,78.4853
75.1517,88.6347,78.4853
75.1517,88.6347,78.4853
75.1517,88.6347,78.4853
75.1517,88.6347,78.4853
75.1517,88.6347,78.4853
75.1517,88.6347,78.4853
75.1517,88.6347,78.4853
48.4585,81.7539,93.4075
48.4585,81.7539,93.4075
48.4585,81.7539,93.4075
75.4433,91.6029,91.4505
75.4433,91.6029,91.4505
75.4433,91.6029,91.4505
75.4433,91.6029,91.4505
75.4433,91.6029,91.4505
75.4433,91.6029,91.4505
58.6729,78.0311,13.224
58.6729,78.0311,13.224
58.6729,78.0311,13.224
58.6729,78.0311,13.224
58.6729,78.0311,13.224
58.6729,78.0311,13.224
58.6729,78.0311,13.224
58.6729,78.0311,13.224
58.6729,78.0311,13.224
58.6729,78.0311,13.224
58.6729,78.0311,13.224
58.6729,78.0311,13.224
58.6729,78.0311,13.224
58.6729,78.0311,13.224
19.8681,16.8354,40.4011
19.8681,16.8354,40.4011
19.8681,16.8354,40.4011
19.8681,16.8354,40.4011
19.8681,16.8354,40.4011
19.8681,16.8354,40.4011
19.8681,16.8354,40.4011
19.8681,16.8354,40.4011
19.8681,16.8354,40.4011
19.8681,16.8354,40.4011
19.8681,16.8354,40.4011
27.5788,46.7146,76.6753
27.5788,46.7146,76.6753
27.5788,46.7146,76.6753
27.5788,46.7146,76.6753
27.5788,46.7146,76.6753
27.5788,46.7146,76.6753
27.5788,46.7146,76.6753
27.5788,46.7146,76.6753
27.5788,46.7146,76.6753
27.5788,46.7146,76.6753
27.5788,46.7146,76.6753
85.8102,33.1441,59.8903
85.8102,33.1441,59.8903
9.20727,59.8369,73.122
9.20727,59.8369,73.122
9.20727,59.8369,73.122
9.20727,59.8369,73.122
11.1418,68.5323,4.30276
11.1418,68.5323,4.30276
11.1418,68.5323,4.30276
11.1418,68.5323,4.30276
11.1418,68.5323,4.30276
11.1418,68.5323,4.30276
11.1418,68.5323,4.30276
36.0134,10.3832,89.1951
36.0134,10.3832,89.1951
36.0134,10.3832,89.1951
36.0134,10.3832,89.1951
36.0134,10.3832,89.1951
36.0134,10.3832,89.1951
36.0134,10.3832,89.1951
36.0134,10.3832,89.1951
36.0134,10.3832,89.1951
55.5221,94.1233,15.3654
55.5221,94.1233,15.3654
55.5221,94.1233,15.3654
55.5221,94.1233,15.3654
55.5221,94.1233,15.3654
55.5221,94.1233,15.3654
55.5221,94.1233,15.3654
55.5221,94.1233,15.3654
55.5221,94.1233,15.3654
55.5221,94.1233,15.3654
55.5221,94.1233,15.3654
64.1351,33.83,20.7833
64.1351,33.83,20.7833
64.1351,33.83,20.7833
64.1351,33.83,20.7833
64.1351,33.83,20.7833
64.1351,33.83,20.7833
64.1351,33.83,20.7833
64.1351,33.83,20.7833
64.1351,33.83,20.7833
64.1351,33.83,20.7833
64.1351,33.83,20.7833
64.1351,33.83,20.7833
64.1351,33.83,20.7833
27.0952,74.4829,73.6777
27.0952,74.4829,73.6777
27.0952,74.4829,73.6777
27.0952,74.4829,73.6777
27.0952,74.4829,73.6777
27.0952,74.4829,73.6777
27.0952,74.4829,73.6777
27.0952,74.4829,73.6777
27.0952,74.4829,73.6777
27.0952,74.4829,73.6777
27.0952,74.4829,73.6777
27.0952,74.4829,73.6777
27.0952,74.4829,73.6777
27.0952,74.4829,73.6777
74.289,67.8243,69.4076
74.289,67.8243,69.4076
74.289,67.8243,69.4076
74.289,67.8243,69.4076
74.289,67.8243,69.4076
2.27721,12.5984,42.4416
2.27721,12.5984,42.4416
2.27721,12.5984,42.4416
2.27721,12.5984,42.4416
2.27721,12.5984,42.4416
2.27721,12.5984,42.4416
2.27721,12.5984,42.4416
2.27721,12.5984,42.4416
2.27721,12.5984,42.4416
2.27721,12.5984,42.4416
2.27721,12.5984,42.4416
73.1505,27.6269,14.5114
73.1505,27.6269,14.5114
73.1505,27.6269,14.5114
73.1505,27.6269,14.5114
73.1505,27.6269,14.5114
73.1505,27.6269,14.5114
73.1505,27.6269,14.5114
73.1505,27.6269,14.5114
73.1505,27.6269,14.5114
73.1505,27.6269,14.5114
82.5662,70.2481,82.4344
82.5662,70.2481,82.4344
82.5662,70.2481,82.4344
64.1128,96.9765,37.5275
51.0989,75.0957,77.6084
51.0989,75.0957,77.6084
51.0989,75.0957,77.6084
51.0989,75.0957,77.6084
51.0989,75.0957,77.6084
51.0989,75.0957,77.6084
51.0989,75.0957,77.6084
51.0989,75.0957,77.6084
51.0989,75.0957,77.6084
51.0989,75.0957,77.6084
14.1536,31.5381,81.643
14.1536,31.5381,81.643
14.1536,31.5381,81.643
14.1536,31.5381,81.643
14.1536,31.5381,81.643
14.1536,31.5381,81.643
14.1536,31.5381,81.643
14.1536,31.5381,81.643
14.1536,31.5381,81.643
96.9563,86.7968,87.0291
96.9563,86.7968,87.0291
96.9563,86.7968,87.0291
96.9563,86.7968,87.0291
46.9998,45.4404,23.8484
46.9998,45.4404,23.8484
46.9998,45.4404,23.8484
46.9998,45.4404,23.8484
46.9998,45.4404,23.8484
46.9998,45.4404,23.8484
46.9998,45.4404,23.8484
46.9998,45.4404,23.8484
46.9998,45.4404,23.8484
46.9998,45.4404,23.8484
46.9998,45.4404,23.8484
46.9998,45.4404,23.8484
46.9998,45.4404,23.8484
46.9998,45.4404,23.8484
46.9998,45.4404,23.8484
29.4471,12.1313,85.5551
29.4471,12.1313,85.5551
29.4471,12.1313,85.5551
29.4471,12.1313,85.5551
29.4471,12.1313,85.5551
29.4471,12.1313,85.5551
29.4471,12.1313,85.5551
29.4471,12.1313,85.5551
29.4471,12.1313,85.5551
35.146,60.9334,27.5135
35.146,60.9334,27.5135
35.146,60.9334,27.5135
35.146,60.9334,27.5135
35.146,60.9334,27.5135
35.146,60.9334,27.5135
35.146,60.9334,27.5135
35.146,60.9334,27.5135
35.146,60.9334,27.5135
35.146,60.9334,27.5135
16.1625,69.594,29.4058
16.1625,69.594,29.4058
16.1625,69.594,29.4058
16.1625,69.594,29.4058
16.1625,69.594,29.4058
16.1625,69.594,29.4058
16.1625,69.594,29.4058
16.1625,69.594,29.4058
16.1625,69.594,29.4058
16.1625,69.594,29.4058
16.1625,69.594,29.4058
16.1625,69.594,29.4058
16.1625,69.594,29.4058
16.1625,69.594,29.4058
16.1625,69.594,29.4058
16.1625,69.594,29.4058
71.6866,87.3449,98.2062
71.6866,87.3449,98.2062
71.6866,87.3449,98.2062
71.6866,87.3449,98.2062
71.6866,87.3449,98.2062
96.456,69.2287,61.6855
96.456,69.2287,61.6855
96.456,69.2287,61.6855
96.456,69.2287,61.6855
21.828,11.159,52.2435
21.828,11.159,52.2435
21.828,11.159,52.2435
21.828,11.159,52.2435
21.828,11.159,52.2435
21.828,11.159,52.2435
21.828,11.159,52.2435
21.828,11.159,52.2435
21.828,11.159,52.2435
21.828,11.159,52.2435
21.828,11.159,52.2435
21.828,11.159,52.2435
21.828,11.159,52.2435
21.828,11.159,52.2435
21.828,11.159,52.2435
21.828,11.159,52.2435
21.828,11.159,52.2435
21.828,11.159,52.2435
94.4322,92.769,91.0416
94.4322,92.769,91.0416
94.4322,92.769,91.0416
94.4322,92.769,91.0416
94.4322,92.769,91.0416
80.1813,87.1492,95.1483
80.1813,87.1492,95.1483
80.1813,87.1492,95.1483
80.1813,87.1492,95.1483
80.1813,87.1492,95.1483
80.1813,87.1492,95.1483
41.6431,49.0099,9.56048
41.6431,49.0099,9.56048
41.6431,49.0099,9.56048
41.6431,49.0099,9.56048
41.6431,49.0099,9.56048
41.6431,49.0099,9.56048
41.6431,49.0099,9.56048
41.6431,49.0099,9.56048
55.6101,73.5229,38.7284
55.6101,73.5229,38.7284
55.6101,73.5229,38.7284
55.6101,73.5229,38.7284
55.6101,73.5229,38.7284
55.6101,73.5229,38.7284
52.8361,84.3939,23.7732
52.8361,84.3939,23.7732
52.8361,84.3939,23.7732
52.8361,84.3939,23.7732
52.8361,84.3939,23.7732
52.8361,84.3939,23.7732
52.8361,84.3939,23.7732
52.8361,84.3939,23.7732
52.8361,84.3939,23.7732
52.8361,84.3939,23.7732
52.8361,84.3939,23.7732
52.8361,84.3939,23.7732
47.704,36.4174,24.5847
47.704,36.4174,24.5847
47.704,36.4174,24.5847
47.704,36.4174,24.5847
47.704,36.4174,24.5847
47.704,36.4174,24.5847
47.704,36.4174,24.5847
47.704,36.4174,24.5847
47.704,36.4174,24.5847
47.704,36.4174,24.5847
47.704,36.4174,24.5847
47.704,36.4174,24.5847
47.704,36.4174,24.5847
37.3428,46.8988,15.2665
37.3428,46.8988,15.2665
37.3428,46.8988,15.2665
37.3428,46.8988,15.2665
37.3428,46.8988,15.2665
37.3428,46.8988,15.2665
37.3428,46.8988,15.2665
28.7218,54.3438,79.9882
28.7218,54.3438,79.9882
28.7218,54.3438,79.9882
28.7218,54.3438,79.9882
28.7218,54.3438,79.9882
28.7218,54.3438,79.9882
28.7218,54.3438,79.9882
28.7218,54.3438,79.9882
28.7218,54.3438,79.9882
28.7218,54.3438,79.9882
28.7218,54.3438,79.9882
53.9193,10.4577,32.9354
53.9193,10.4577,32.9354
48.0576,44.5695,70.551
48.0576,44.5695,70.551
48.0576,44.5695,70.551
48.0576,44.5695,70.551
48.0576,44.5695,70.551
48.0576,44.5695,70.551
48.0576,44.5695,70.551
50.7496,43.8098,67.9615
50.7496,43.8098,67.9615
50.7496,43.8098,67.9615
50.7496,43.8098,67.9615
50.7496,43.8098,67.9615
50.7496,43.8098,67.9615
50.7496,43.8098,67.9615
61.4492,92.7719,92.4005
61.4492,92.7719,92.4005
61.4492,92.7719,92.4005
61.4492,92.7719,92.4005
61.4492,92.7719,92.4005
40.0238,28.3702,29.1715
40.0238,28.3702,29.1715
40.0238,28.3702,29.1715
40.0238,28.3702,29.1715
40.0238,28.3702,29.1715
40.0238,28.3702,29.1715
40.0238,28.3702,29.1715
19.119,16.6284,84.8053
19.119,16.6284,84.8053
19.119,16.6284,84.8053
19.119,16.6284,84.8053
19.119,16.6284,84.8053
19.119,16.6284,84.8053
19.119,16.6284,84.8053
19.119,16.6284,84.8053
19.119,16.6284,84.8053
41.4326,79.7831,41.7297
41.4326,79.7831,41.7297
41.4326,79.7831,41.7297
41.4326,79.7831,41.7297
41.4326,79.7831,41.7297
41.4326,79.7831,41.7297
41.4326,79.7831,41.7297
41.4326,79.7831,41.7297
13.5772,54.3549,86.2703
13.5772,54.3549,86.2703
13.5772,54.3549,86.2703
13.5772,54.3549,86.2703
21.757,80.6358,55.4491
21.757,80.6358,55.4491
21.757,80.6358,55.4491
21.757,80.6358,55.4491
9.47296,71.676,22.5004
9.47296,71.676,22.5004
9.47296,71.676,22.5004
9.47296,71.676,22.5004
9.47296,71.676,22.5004
9.47296,71.676,22.5004
9.47296,71.676,22.5004
9.47296,71.676,22.5004
9.47296,71.676,22.5004
9.47296,71.676,22.5004
43.0388,87.0655,46.7247
43.0388,87.0655,46.7247
43.0388,87.0655,46.7247
43.0388,87.0655,46.7247
43.0388,87.0655,46.7247
43.0388,87.0655,46.7247
73.0689,62.0896,7.37454
73.0689,62.0896,7.37454
73.0689,62.0896,7.37454
73.0689,62.0896,7.37454
73.0689,62.0896,7.37454
73.0689,62.0896,7.37454
84.287,95.8902,39.5081
35.3228,44.1401,9.14387
35.3228,44.1401,9.14387
35.3228,44.1401,9.14387
35.3228,44.1401,9.14387
35.3228,44.1401,9.14387
63.4,37.7655,19.0643
63.4,37.7655,19.0643
63.4,37.7655,19.0643
63.4,37.7655,19.0643
63.4,37.7655,19.0643
63.4,37.7655,19.0643
63.4,37.7655,19.0643
63.4,37.7655,19.0643
63.4,37.7655,19.0643
57.427,90.1092,17.9363
57.427,90.1092,17.9363
57.427,90.1092,17.9363
57.427,90.1092,17.9363
57.427,90.1092,17.9363
57.427,90.1092,17.9363
57.427,90.1092,17.9363
57.427,90.1092,17.9363
57.427,90.1092,17.9363
50.5409,86.0055,73.335
50.5409,86.0055,73.335
50.5409,86.0055,73.335
50.5409,86.0055,73.335
50.5409,86.0055,73.335
50.5409,86.0055,73.335
50.5409,86.0055,73.335
50.5409,86.0055,73.335
50.5409,86.0055,73.335
50.5409,86.0055,73.335
87.9966,65.5452,87.1141
83.2318,53.9657,1.99428
83.2318,53.9657,1.99428
83.2318,53.9657,1.99428
35.0097,64.5593,26.9197
35.0097,64.5593,26.9197
35.0097,64.5593,26.9197
35.0097,64.5593,26.9197
35.0097,64.5593,26.9197
35.0097,64.5593,26.9197
35.0097,64.5593,26.9197
35.0097,64.5593,26.9197
46.1242,88.2099,4.16593
46.1242,88.2099,4.16593
46.1242,88.2099,4.16593
46.1242,88.2099,4.16593
46.1242,88.2099,4.16593
46.1242,88.2099,4.16593
46.1242,88.2099,4.16593
46.1242,88.2099,4.16593
46.1242,88.2099,4.16593
46.1242,88.2099,4.16593
80.3495,47.5438,3.56804
80.3495,47.5438,3.56804
80.3495,47.5438,3.56804
80.3495,47.5438,3.56804
80.3495,47.5438,3.56804
4.48077,60.6789,20.8101
4.48077,60.6789,20.8101
4.48077,60.6789,20.8101
4.48077,60.6789,20.8101
4.48077,60.6789,20.8101
4.48077,60.6789,20.8101
4.48077,60.6789,20.8101
4.48077,60.6789,20.8101
4.48077,60.6789,20.8101
4.48077,60.6789,20.8101
42.7197,95.7774,70.0154
42.7197,95.7774,70.0154
42.7197,95.7774,70.0154
42.7197,95.7774,70.0154
42.7197,95.7774,70.0154
42.7197,95.7774,70.0154
42.7197,95.7774,70.0154
42.7197,95.7774,70.0154
9.13155,6.87267,95.9705
9.13155,6.87267,95.9705
9.13155,6.87267,95.9705
9.13155,6.87267,95.9705
9.13155,6.87267,95.9705
9.13155,6.87267,95.9705
9.13155,6.87267,95.9705
87.6438,42.8857,96.2301
87.6438,42.8857,96.2301
58.6791,97.2209,78.1909
30.0773,72.3521,24.126
30.0773,72.3521,24.126
30.0773,72.3521,24.126
30.0773,72.3521,24.126
30.0773,72.3521,24.126
30.0773,72.3521,24.126
30.0773,72.3521,24.126
10.1033,11.1281,57.799
10.1033,11.1281,57.799
10.1033,11.1281,57.799
10.1033,11.1281,57.799
10.1033,11.1281,57.799
10.1033,11.1281,57.799
10.1033,11.1281,57.799
10.1033,11.1281,57.799
10.1033,11.1281,57.799
10.1033,11.1281,57.799
10.1033,11.1281,57.799
10.1033,11.1281,57.799
10.1033,11.1281,57.799
9.50289,42.7845,33.6108
9.50289,42.7845,33.6108
9.50289,42.7845,33.6108
9.50289,42.7845,33.6108
9.50289,42.7845,33.6108
9.50289,42.7845,33.6108
9.50289,42.7845,33.6108
9.50289,42.7845,33.6108
14.408,62.4377,29.1502
14.408,62.4377,29.1502
14.408,62.4377,29.1502
14.408,62.4377,29.1502
14.408,62.4377,29.1502
14.408,62.4377,29.1502
14.408,62.4377,29.1502
14.408,62.4377,29.1502
14.408,62.4377,29.1502
14.408,62.4377,29.1502
14.408,62.4377,29.1502
14.408,62.4377,29.1502
14.408,62.4377,29.1502
14.408,62.4377,29.1502
14.408,62.4377,29.1502
36.3822,79.8018,25.8215
36.3822,79.8018,25.8215
36.3822,79.8018,25.8215
36.3822,79.8018,25.8215
36.3822,79.8018,25.8215
36.3822,79.8018,25.8215
36.3822,79.8018,25.8215
36.3822,79.8018,25.8215
15.3685,48.275,13.7155
15.3685,48.275,13.7155
15.3685,48.275,13.7155
15.3685,48.275,13.7155
15.3685,48.275,13.7155
15.3685,48.275,13.7155
15.3685,48.275,13.7155
15.3685,48.275,13.7155
15.3685,48.275,13.7155
15.3685,48.275,13.7155
15.3685,48.275,13.7155
15.3685,48.275,13.7155
15.3685,48.275,13.7155
15.3685,48.275,13.7155
15.3685,48.275,13.7155
34.0436,76.0287,58.6499
34.0436,76.0287,58.6499
34.0436,76.0287,58.6499
34.0436,76.0287,58.6499
34.0436,76.0287,58.6499
34.0436,76.0287,58.6499
34.0436,76.0287,58.6499
34.0436,76.0287,58.6499
34.0436,76.0287,58.6499
34.0436,76.0287,58.6499
34.0436,76.0287,58.6499
38.5799,47.4765,10.7197
38.5799,47.4765,10.7197
38.5799,47.4765,10.7197
38.5799,47.4765,10.7197
38.5799,47.4765,10.7197
99.3229,64.584,61.0793
99.3229,64.584,61.0793
82.7075,54.0094,1.67584
82.7075,54.0094,1.67584
82.7075,54.0094,1.67584
9.4338,96.6239,98.9337
38.3128,70.3455,72.1906
38.3128,70.3455,72.1906
38.3128,70.3455,72.1906
38.3128,70.3455,72.1906
38.3128,70.3455,72.1906
38.3128,70.3455,72.1906
38.3128,70.3455,72.1906
38.3128,70.3455,72.1906
38.3128,70.3455,72.1906
38.3128,70.3455,72.1906
38.3128,70.3455,72.1906
38.3128,70.3455,72.1906
38.3128,70.3455,72.1906
38.3128,70.3455,72.1906
75.8617,90.0343,89.6333
75.8617,90.0343,89.6333
52.8386,98.104,13.8148
52.8386,98.104,13.8148
52.8386,98.104,13.8148
52.8386,98.104,13.8148
52.8386,98.104,13.8148
86.4474,46.045,4.40287
86.4474,46.045,4.40287
86.4474,46.045,4.40287
25.1478,3.67681,68.7236
25.1478,3.67681,68.7236
25.1478,3.67681,68.7236
25.1478,3.67681,68.7236
25.1478,3.67681,68.7236
25.1478,3.67681,68.7236
25.1478,3.67681,68.7236
25.1478,3.67681,68.7236
25.1478,3.67681,68.7236
25.1478,3.67681,68.7236
25.1478,3.67681,68.7236
12.0842,12.2565,39.8357
12.0842,12.2565,39.8357
12.0842,12.2565,39.8357
12.0842,12.2565,39.8357
12.0842,12.2565,39.8357
12.0842,12.2565,39.8357
12.0842,12.2565,39.8357
12.0842,12.2565,39.8357
12.0842,12.2565,39.8357
39.073,46.7856,17.0705
39.073,46.7856,17.0705
39.073,46.7856,17.0705
39.073,46.7856,17.0705
39.073,46.7856,17.0705
39.073,46.7856,17.0705
49.727,73.5674,16.2902
49.727,73.5674,16.2902
49.727,73.5674,16.2902
49.727,73.5674,16.2902
49.727,73.5674,16.2902
49.727,73.5674,16.2902
49.727,73.5674,16.2902
49.727,73.5674,16.2902
49.727,73.5674,16.2902
30.7268,1.01789,63.6091
30.7268,1.01789,63.6091
30.7268,1.01789,63.6091
30.7268,1.01789,63.6091
30.7268,1.01789,63.6091
30.7268,1.01789,63.6091
30.7268,1.01789,63.6091
30.7268,1.01789,63.6091
30.7268,1.01789,63.6091
30.7268,1.01789,63.6091
12.7697,68.9775,2.24245
12.7697,68.9775,2.24245
41.5349,81.1417,42.3589
41.5349,81.1417,42.3589
41.5349,81.1417,42.3589
22.0749,84.0247,83.3592
22.0749,84.0247,83.3592
22.0749,84.0247,83.3592
22.0749,84.0247,83.3592
22.0749,84.0247,83.3592
95.1313,84.8787,82.7034
32.7734,61.4935,46.2113
37.8505,0.41052,50.1011
37.8505,0.41052,50.1011
37.8505,0.41052,50.1011
27.7266,2.11783,67.3755
27.7266,2.11783,67.3755
27.7266,2.11783,67.3755
27.7266,2.11783,67.3755
27.7266,2.11783,67.3755
27.7266,2.11783,67.3755
27.7266,2.11783,67.3755
27.7266,2.11783,67.3755
41.0709,56.3615,76.4047
41.0709,56.3615,76.4047
41.0709,56.3615,76.4047
41.0709,56.3615,76.4047
41.0709,56.3615,76.4047
72.8807,14.2472,26.788
72.8807,14.2472,26.788
72.8807,14.2472,26.788
72.8807,14.2472,26.788
72.8807,14.2472,26.788
5.50422,62.5577,22.905
5.50422,62.5577,22.905
5.50422,62.5577,22.905
5.50422,62.5577,22.905
5.50422,62.5577,22.905
5.50422,62.5577,22.905
5.50422,62.5577,22.905
5.50422,62.5577,22.905
5.50422,62.5577,22.905
88.574,49.5603,85.7626
88.574,49.5603,85.7626
4.95903,7.04752,99.762
4.95903,7.04752,99.762
4.95903,7.04752,99.762
4.95903,7.04752,99.762
4.95903,7.04752,99.762
0.46715,37.3246,7.81691
0.46715,37.3246,7.81691
85.4784,54.9463,3.38707
6.58951,60.5757,21.3897
6.58951,60.5757,21.3897
6.58951,60.5757,21.3897
6.58951,60.5757,21.3897
6.58951,60.5757,21.3897
6.58951,60.5757,21.3897
6.58951,60.5757,21.3897
6.58951,60.5757,21.3897
6.58951,60.5757,21.3897
6.58951,60.5757,21.3897
6.58951,60.5757,21.3897
6.58951,60.5757,21.3897
67.2702,28.1271,29.8446
67.2702,28.1271,29.8446
67.2702,28.1271,29.8446
67.2702,28.1271,29.8446
67.2702,28.1271,29.8446
67.2702,28.1271,29.8446
67.2702,28.1271,29.8446
1.76199,66.4051,21.1052
1.76199,66.4051,21.1052
1.76199,66.4051,21.1052
1.76199,66.4051,21.1052
1.76199,66.4051,21.1052
1.76199,66.4051,21.1052
1.76199,66.4051,21.1052
58.795,28.5126,23.3282
58.795,28.5126,23.3282
58.795,28.5126,23.3282
58.795,28.5126,23.3282
58.795,28.5126,23.3282
58.795,28.5126,23.3282
58.795,28.5126,23.3282
58.795,28.5126,23.3282
58.795,28.5126,23.3282
58.795,28.5126,23.3282
95.7859,59.7346,3.89177
75.1989,89.9642,89.113
75.1989,89.9642,89.113
5.12592,54.2923,25.8065
5.12592,54.2923,25.8065
5.12592,54.2923,25.8065
5.12592,54.2923,25.8065
5.12592,54.2923,25.8065
5.12592,54.2923,25.8065
5.12592,54.2923,25.8065
5.12592,54.2923,25.8065
5.12592,54.2923,25.8065
5.12592,54.2923,25.8065
5.12592,54.2923,25.8065
5.12592,54.2923,25.8065
5.12592,54.2923,25.8065
30.428,75.9228,26.4987
30.428,75.9228,26.4987
30.428,75.9228,26.4987
30.428,75.9228,26.4987
30.428,75.9228,26.4987
15.2025,42.2467,87.9466
15.2025,42.2467,87.9466
15.2025,42.2467,87.9466
54.6616,59.9925,89.9567
54.6616,59.9925,89.9567
54.6616,59.9925,89.9567
58.9097,72.9492,77.3547
58.9097,72.9492,77.3547
58.9097,72.9492,77.3547
48.0123,35.1735,10.5103
48.0123,35.1735,10.5103
48.0123,35.1735,10.5103
48.0123,35.1735,10.5103
48.0123,35.1735,10.5103
48.0123,35.1735,10.5103
26.0686,12.4429,48.7537
26.0686,12.4429,48.7537
26.0686,12.4429,48.7537
26.0686,12.4429,48.7537
26.0686,12.4429,48.7537
26.0686,12.4429,48.7537
26.0686,12.4429,48.7537
26.0686,12.4429,48.7537
18.5639,41.0037,24.9869
18.5639,41.0037,24.9869
18.5639,41.0037,24.9869
18.5639,41.0037,24.9869
18.5639,41.0037,24.9869
18.5639,41.0037,24.9869
18.5639,41.0037,24.9869
45.6681,84.0255,35.1933
45.6681,84.0255,35.1933
45.6681,84.0255,35.1933
45.6681,84.0255,35.1933
46.0979,83.08,2.1643
46.0979,83.08,2.1643
46.0979,83.08,2.1643
46.0979,83.08,2.1643
46.0979,83.08,2.1643
46.0979,83.08,2.1643
92.1247,92.6571,90.4557
60.3764,97.8173,80.1071
21.7357,67.0742,80.0238
21.7357,67.0742,80.0238
21.7357,67.0742,80.0238
21.7357,67.0742,80.0238
21.7357,67.0742,80.0238
21.7357,67.0742,80.0238
71.9214,22.7025,31.5535
71.9214,22.7025,31.5535
71.9214,22.7025,31.5535
42.3459,74.5916,13.4767
42.3459,74.5916,13.4767
42.3459,74.5916,13.4767
42.3459,74.5916,13.4767
42.3459,74.5916,13.4767
83.8795,33.6207,60.1026
83.8795,33.6207,60.1026
83.8795,33.6207,60.1026
4.64622,17.721,92.2784
4.64622,17.721,92.2784
4.64622,17.721,92.2784
4.64622,17.721,92.2784
4.64622,17.721,92.2784
4.64622,17.721,92.2784
48.9799,35.026,22.6693
48.9799,35.026,22.6693
48.9799,35.026,22.6693
48.9799,35.026,22.6693
48.9799,35.026,22.6693
6.34549,94.7786,82.3193
22.3781,47.7202,27.6651
22.3781,47.7202,27.6651
22.3781,47.7202,27.6651
22.3781,47.7202,27.6651
22.3781,47.7202,27.6651
40.458,86.3011,52.5858
40.458,86.3011,52.5858
40.458,86.3011,52.5858
40.458,86.3011,52.5858
40.458,86.3011,52.5858
73.4743,22.9429,30.6141
73.4743,22.9429,30.6141
43.4093,64.3886,7.30074
43.4093,64.3886,7.30074
57.5476,14.4313,21.7369
15.7033,44.2492,26.5313
15.7033,44.2492,26.5313
15.7033,44.2492,26.5313
15.7033,44.2492,26.5313
15.7033,44.2492,26.5313
15.7033,44.2492,26.5313
0.62721,7.72394,56.294
0.62721,7.72394,56.294
0.62721,7.72394,56.294
0.62721,7.72394,56.294
0.62721,7.72394,56.294
0.62721,7.72394,56.294
0.62721,7.72394,56.294
0.62721,7.72394,56.294
28.718,71.7154,87.2306
28.718,71.7154,87.2306
28.718,71.7154,87.2306
28.718,71.7154,87.2306
28.718,71.7154,87.2306
10.9247,64.1144,24.2866
10.9247,64.1144,24.2866
10.9247,64.1144,24.2866
10.9247,64.1144,24.2866
10.9247,64.1144,24.2866
10.9247,64.1144,24.2866
10.9247,64.1144,24.2866
10.9247,64.1144,24.2866
0.13593,8.93139,51.1072
0.13593,8.93139,51.1072
0.13593,8.93139,51.1072
0.13593,8.93139,51.1072
0.13593,8.93139,51.1072
0.13593,8.93139,51.1072
19.059,63.7657,81.3608
19.059,63.7657,81.3608
8.09162,8.69469,45.2444
8.09162,8.69469,45.2444
8.09162,8.69469,45.2444
8.09162,8.69469,45.2444
8.09162,8.69469,45.2444
8.09162,8.69469,45.2444
8.09162,8.69469,45.2444
8.09162,8.69469,45.2444
50.1976,63.1439,67.6563
50.1976,63.1439,67.6563
50.1976,63.1439,67.6563
50.1976,63.1439,67.6563
50.1976,63.1439,67.6563
50.1976,63.1439,67.6563
50.1976,63.1439,67.6563
59.7329,90.6586,13.2128
59.7329,90.6586,13.2128
59.7329,90.6586,13.2128
59.7329,90.6586,13.2128
59.7329,90.6586,13.2128
1.08497,16.5653,95.2898
1.08497,16.5653,95.2898
1.08497,16.5653,95.2898
1.08497,16.5653,95.2898
27.2796,3.26725,59.6586
27.2796,3.26725,59.6586
27.2796,3.26725,59.6586
27.2796,3.26725,59.6586
27.2796,3.26725,59.6586
27.2796,3.26725,59.6586
27.2796,3.26725,59.6586
27.2796,3.26725,59.6586
82.4213,62.6497,59.6069
82.4213,62.6497,59.6069
18.5595,46.7667,27.7492
18.5595,46.7667,27.7492
18.5595,46.7667,27.7492
18.5595,46.7667,27.7492
38.2936,3.74658,76.003
38.2936,3.74658,76.003
38.2936,3.74658,76.003
38.2936,3.74658,76.003
38.2936,3.74658,76.003
38.2936,3.74658,76.003
27.9689,22.1856,39.7902
27.9689,22.1856,39.7902
27.9689,22.1856,39.7902
27.9689,22.1856,39.7902
29.9898,83.1558,60.5816
29.9898,83.1558,60.5816
29.9898,83.1558,60.5816
29.9898,83.1558,60.5816
29.9898,83.1558,60.5816
29.9898,83.1558,60.5816
29.9898,83.1558,60.5816
29.9898,83.1558,60.5816
29.9898,83.1558,60.5816
25.1855,6.41786,76.0559
25.1855,6.41786,76.0559
25.1855,6.41786,76.0559
25.1855,6.41786,76.0559
25.1855,6.41786,76.0559
25.1855,6.41786,76.0559
97.961,66.6492,61.1756
49.4851,35.2979,0.5351
3.88711,24.4604,91.3752
3.88711,24.4604,91.3752
3.88711,24.4604,91.3752
3.88711,24.4604,91.3752
3.30739,30.5485,91.0079
3.30739,30.5485,91.0079
96.4156,0.73973,15.3705
41.401,33.3815,30.112
41.401,33.3815,30.112
41.401,33.3815,30.112
63.8361,72.6087,77.4667
26.9839,74.762,69.2776
26.9839,74.762,69.2776
26.9839,74.762,69.2776
26.9839,74.762,69.2776
26.9839,74.762,69.2776
56.8938,93.2108,6.3017
56.8938,93.2108,6.3017
56.8938,93.2108,6.3017
8.42084,62.5415,15.8126
8.42084,62.5415,15.8126
8.42084,62.5415,15.8126
8.42084,62.5415,15.8126
8.42084,62.5415,15.8126
19.6295,46.8728,27.8827
19.6295,46.8728,27.8827
19.6295,46.8728,27.8827
19.6295,46.8728,27.8827
60.0459,41.4022,18.4095
60.0459,41.4022,18.4095
60.0459,41.4022,18.4095
60.0459,41.4022,18.4095
20.679,17.1843,47.0179
20.679,17.1843,47.0179
20.679,17.1843,47.0179
20.679,17.1843,47.0179
20.679,17.1843,47.0179
22.8702,7.00536,75.0283
22.8702,7.00536,75.0283
22.8702,7.00536,75.0283
22.8702,7.00536,75.0283
22.8702,7.00536,75.0283
22.8702,7.00536,75.0283
33.5889,29.2726,35.0564
8.57597,6.30775,47.2658
8.57597,6.30775,47.2658
8.57597,6.30775,47.2658
8.57597,6.30775,47.2658
4.01343,3.50947,55.9588
4.01343,3.50947,55.9588
4.01343,3.50947,55.9588
38.9692,96.8522,69.7095
38.9692,96.8522,69.7095
38.9692,96.8522,69.7095
38.9692,96.8522,69.7095
38.9692,96.8522,69.7095
65.717,31.1127,1.75277
65.717,31.1127,1.75277
83.2991,35.2656,76.8454
83.2991,35.2656,76.8454
83.2991,35.2656,76.8454
64.3852,33.2941,21.0827
87.2094,32.5096,59.7671
84.1804,62.2043,60.493
30.3003,6.9671,78.3017
30.3003,6.9671,78.3017
30.3003,6.9671,78.3017
70.9985,63.9829,49.5312
70.9985,63.9829,49.5312
25.2707,15.3922,83.9036
25.2707,15.3922,83.9036
41.7885,46.7347,22.004
41.2882,55.7606,76.0878
41.2882,55.7606,76.0878
41.2882,55.7606,76.0878
40.6365,73.8224,13.0421
40.6365,73.8224,13.0421
40.6365,73.8224,13.0421
40.6365,73.8224,13.0421
32.9278,97.6534,69.6481
32.9278,97.6534,69.6481
12.2958,71.8481,22.6616
12.2958,71.8481,22.6616
10.0326,50.9397,15.7446
10.0326,50.9397,15.7446
10.0326,50.9397,15.7446
10.0326,50.9397,15.7446
9.35709,45.5349,19.6287
9.35709,45.5349,19.6287
9.35709,45.5349,19.6287
42.543,83.6229,69.3587
42.543,83.6229,69.3587
42.543,83.6229,69.3587
42.543,83.6229,69.3587
7.14484,9.9938,55.9121
7.14484,9.9938,55.9121
7.14484,9.9938,55.9121
42.0127,57.4341,74.0501
42.0127,57.4341,74.0501
42.0127,57.4341,74.0501
42.0127,57.4341,74.0501
9.93585,43.1935,32.8029
34.9113,59.3968,86.7322
34.9113,59.3968,86.7322
31.8361,6.6199,78.4856
31.8361,6.6199,78.4856
64.2412,65.894,12.6784
64.2412,65.894,12.6784
16.7008,5.22024,61.8548
16.7008,5.22024,61.8548
16.7008,5.22024,61.8548
44.0333,43.8219,73.933
49.0287,36.8143,24.0582
2.97935,2.69894,55.2245
23.4409,81.6559,56.3582
36.2814,73.2601,74.8614
36.2814,73.2601,74.8614
36.2814,73.2601,74.8614
57.224,87.7768,19.873
57.224,87.7768,19.873
57.224,87.7768,19.873
40.8158,82.4401,65.2569
40.8158,82.4401,65.2569
58.8107,76.0467,12.8136
58.8107,76.0467,12.8136
60.4266,84.4974,16.9943
0.76615,6.85237,89.3295
55.2444,61.6124,59.5111
21.2412,16.2372,84.3407
4.67995,57.9087,21.184
